-- phpMyAdmin SQL Dump
-- version 3.5.1
-- http://www.phpmyadmin.net
--
-- Servidor: localhost
-- Tiempo de generación: 29-12-2015 a las 08:41:06
-- Versión del servidor: 5.5.24-log
-- Versión de PHP: 5.4.3

SET SQL_MODE="NO_AUTO_VALUE_ON_ZERO";
SET time_zone = "+00:00";


/*!40101 SET @OLD_CHARACTER_SET_CLIENT=@@CHARACTER_SET_CLIENT */;
/*!40101 SET @OLD_CHARACTER_SET_RESULTS=@@CHARACTER_SET_RESULTS */;
/*!40101 SET @OLD_COLLATION_CONNECTION=@@COLLATION_CONNECTION */;
/*!40101 SET NAMES utf8 */;

--
-- Base de datos: `veotek3`
--

-- --------------------------------------------------------

--
-- Estructura de tabla para la tabla `bitacora`
--

CREATE TABLE IF NOT EXISTS `bitacora` (
  `idBitacora` int(11) NOT NULL AUTO_INCREMENT,
  `trabajo` varchar(128) DEFAULT NULL,
  `hora` datetime DEFAULT NULL,
  `usuario_idusuario` int(11) NOT NULL,
  PRIMARY KEY (`idBitacora`,`usuario_idusuario`),
  KEY `fk_Bitacora_usuario1_idx` (`usuario_idusuario`)
) ENGINE=InnoDB DEFAULT CHARSET=utf8 AUTO_INCREMENT=1 ;

-- --------------------------------------------------------

--
-- Estructura de tabla para la tabla `horario`
--

CREATE TABLE IF NOT EXISTS `horario` (
  `idhorario` int(11) NOT NULL AUTO_INCREMENT,
  `dia_entrada` date DEFAULT NULL,
  `hora_entrada` time DEFAULT NULL,
  `dia_salida` date DEFAULT NULL,
  `hora_salida` time DEFAULT NULL,
  `tiempo` varchar(8) NOT NULL,
  `tiempo_decimal` float(5,2) NOT NULL,
  `despues_entrada` time DEFAULT NULL,
  `despues_salida` time DEFAULT NULL,
  `despues_tiempo` varchar(8) DEFAULT NULL,
  `despues_tiempo_decimal` float(5,2) DEFAULT NULL,
  `total` varchar(8) DEFAULT NULL,
  `total_decimal` float(5,2) DEFAULT NULL,
  `personal_idpersonal` int(11) NOT NULL,
  PRIMARY KEY (`idhorario`,`personal_idpersonal`),
  KEY `fk_horario_personal1_idx` (`personal_idpersonal`)
) ENGINE=InnoDB  DEFAULT CHARSET=utf8 AUTO_INCREMENT=490 ;

--
-- Volcado de datos para la tabla `horario`
--

INSERT INTO `horario` (`idhorario`, `dia_entrada`, `hora_entrada`, `dia_salida`, `hora_salida`, `tiempo`, `tiempo_decimal`, `despues_entrada`, `despues_salida`, `despues_tiempo`, `despues_tiempo_decimal`, `total`, `total_decimal`, `personal_idpersonal`) VALUES
(1, '2015-12-08', '14:08:15', '2015-12-08', '14:10:18', '0:2', 0.03, NULL, NULL, NULL, NULL, NULL, NULL, 9),
(2, '2015-12-08', '14:10:32', '2015-12-08', '14:11:35', '0:1', 0.02, NULL, NULL, NULL, NULL, NULL, NULL, 9),
(3, '2015-12-08', '08:12:16', '2015-12-08', '15:00:51', '6:49', 6.82, NULL, NULL, NULL, NULL, NULL, NULL, 9),
(4, '2015-12-08', '08:12:30', '2015-12-08', '08:24:23', '0:12', 0.20, NULL, NULL, NULL, NULL, NULL, NULL, 13),
(5, '2015-12-08', '08:12:35', '2015-12-08', '14:57:41', '6:45', 6.75, NULL, NULL, NULL, NULL, NULL, NULL, 3),
(6, '2015-12-08', '08:12:57', '2015-12-08', '14:05:40', '5:53', 5.88, NULL, NULL, NULL, NULL, NULL, NULL, 1),
(7, '2015-12-08', '08:14:05', '2015-12-08', '13:01:21', '4:47', 4.78, NULL, NULL, NULL, NULL, NULL, NULL, 5),
(8, '2015-12-08', '08:14:32', '2015-12-08', '13:21:17', '5:7', 5.12, NULL, NULL, NULL, NULL, NULL, NULL, 2),
(9, '2015-12-08', '08:14:57', '2015-12-08', '13:01:11', '4:46', 4.77, NULL, NULL, NULL, NULL, NULL, NULL, 12),
(10, '2015-12-08', '08:15:06', NULL, NULL, '', 0.00, NULL, NULL, NULL, NULL, NULL, NULL, 6),
(11, '2015-12-08', '08:16:00', '2015-12-08', '13:05:21', '4:49', 4.82, NULL, NULL, NULL, NULL, NULL, NULL, 15),
(12, '2015-12-08', '08:17:15', '2015-12-08', '15:04:48', '6:48', 6.80, NULL, NULL, NULL, NULL, NULL, NULL, 14),
(13, '2015-12-08', '08:17:22', '2015-12-08', '13:02:11', '4:45', 4.75, NULL, NULL, NULL, NULL, NULL, NULL, 10),
(14, '2015-12-08', '08:17:28', '2015-12-08', '14:01:55', '5:44', 5.73, NULL, NULL, NULL, NULL, NULL, NULL, 11),
(15, '2015-12-08', '08:17:38', '2015-12-08', '15:00:43', '6:43', 6.72, NULL, NULL, NULL, NULL, NULL, NULL, 7),
(16, '2015-12-08', '08:20:18', NULL, NULL, '', 0.00, NULL, NULL, NULL, NULL, NULL, NULL, 23),
(17, '2015-12-08', '08:20:23', '2015-12-08', '14:05:14', '5:45', 5.75, NULL, NULL, NULL, NULL, NULL, NULL, 20),
(18, '2015-12-08', '08:20:29', '2015-12-08', '14:02:00', '5:42', 5.70, NULL, NULL, NULL, NULL, NULL, NULL, 16),
(19, '2015-12-08', '08:20:36', '2015-12-08', '15:02:44', '6:42', 6.70, NULL, NULL, NULL, NULL, NULL, NULL, 4),
(20, '2015-12-08', '08:24:35', '2015-12-08', '13:05:35', '4:41', 4.68, NULL, NULL, NULL, NULL, NULL, NULL, 13),
(21, '2015-12-08', '08:27:09', '2015-12-08', '14:01:15', '5:34', 5.57, NULL, NULL, NULL, NULL, NULL, NULL, 18),
(22, '2015-12-08', '13:06:49', '2015-12-08', '13:57:20', '0:51', 0.85, NULL, NULL, NULL, NULL, NULL, NULL, 21),
(23, '2015-12-08', '13:54:55', '2015-12-08', '19:24:50', '5:30', 5.50, NULL, NULL, NULL, NULL, NULL, NULL, 17),
(24, '2015-12-08', '13:57:24', '2015-12-08', '19:55:09', '5:58', 5.97, NULL, NULL, NULL, NULL, NULL, NULL, 2),
(25, '2015-12-08', '13:57:41', '2015-12-08', '19:19:39', '5:22', 5.37, NULL, NULL, NULL, NULL, NULL, NULL, 10),
(26, '2015-12-08', '13:58:11', '2015-12-08', '19:25:47', '5:28', 5.47, NULL, NULL, NULL, NULL, NULL, NULL, 15),
(27, '2015-12-08', '13:59:09', NULL, NULL, '', 0.00, NULL, NULL, NULL, NULL, NULL, NULL, 12),
(28, '2015-12-08', '13:59:14', '2015-12-08', '19:57:09', '5:58', 5.97, NULL, NULL, NULL, NULL, NULL, NULL, 5),
(29, '2015-12-08', '13:59:40', NULL, NULL, '', 0.00, NULL, NULL, NULL, NULL, NULL, NULL, 13),
(30, '2015-12-08', '14:01:31', '2015-12-08', '15:00:16', '0:59', 0.98, NULL, NULL, NULL, NULL, NULL, NULL, 18),
(31, '2015-12-08', '14:02:24', '2015-12-08', '14:55:43', '0:53', 0.88, NULL, NULL, NULL, NULL, NULL, NULL, 8),
(32, '2015-12-08', '14:53:10', '2015-12-08', '19:55:36', '5:2', 5.03, NULL, NULL, NULL, NULL, NULL, NULL, 20),
(33, '2015-12-08', '14:56:56', '2015-12-08', '19:19:47', '4:23', 4.38, NULL, NULL, NULL, NULL, NULL, NULL, 11),
(34, '2015-12-08', '14:57:52', NULL, NULL, '', 0.00, NULL, NULL, NULL, NULL, NULL, NULL, 16),
(35, '2015-12-08', '15:53:40', '2015-12-08', '19:56:59', '4:3', 4.05, NULL, NULL, NULL, NULL, NULL, NULL, 7),
(36, '2015-12-08', '15:54:11', '2015-12-08', '20:01:59', '4:8', 4.13, NULL, NULL, NULL, NULL, NULL, NULL, 4),
(37, '2015-12-08', '15:55:05', '2015-12-08', '19:56:17', '4:1', 4.02, NULL, NULL, NULL, NULL, NULL, NULL, 9),
(38, '2015-12-08', '15:57:42', '2015-12-08', '19:19:32', '3:22', 3.37, NULL, NULL, NULL, NULL, NULL, NULL, 22),
(39, '2015-12-08', '16:00:38', '2015-12-08', '19:23:07', '3:22', 3.37, NULL, NULL, NULL, NULL, NULL, NULL, 14),
(40, '2015-12-08', '19:23:24', '2015-12-08', '19:23:49', '0:0', 0.00, NULL, NULL, NULL, NULL, NULL, NULL, 18),
(41, '2015-12-08', '19:54:14', NULL, NULL, '', 0.00, NULL, NULL, NULL, NULL, NULL, NULL, 1),
(42, '2015-12-08', '19:57:04', '2015-12-08', '20:01:54', '0:5', 0.08, NULL, NULL, NULL, NULL, NULL, NULL, 3),
(43, '2015-12-08', '19:57:14', NULL, NULL, '', 0.00, NULL, NULL, NULL, NULL, NULL, NULL, 8),
(44, '2015-12-08', '20:01:23', NULL, NULL, '', 0.00, NULL, NULL, NULL, NULL, NULL, NULL, 21),
(45, '2015-12-09', '08:14:01', '2015-12-09', '14:59:55', '6:46', 6.77, NULL, NULL, NULL, NULL, NULL, NULL, 9),
(46, '2015-12-09', '08:14:11', '2015-12-09', '14:00:17', '5:46', 5.77, NULL, NULL, NULL, NULL, NULL, NULL, 8),
(47, '2015-12-09', '08:14:14', '2015-12-09', '13:02:01', '4:48', 4.80, NULL, NULL, NULL, NULL, NULL, NULL, 15),
(48, '2015-12-09', '08:14:18', '2015-12-09', '13:13:15', '4:59', 4.98, NULL, NULL, NULL, NULL, NULL, NULL, 12),
(49, '2015-12-09', '08:14:22', '2015-12-09', '14:01:51', '5:47', 5.78, NULL, NULL, NULL, NULL, NULL, NULL, 21),
(50, '2015-12-09', '08:14:27', '2015-12-09', '13:16:44', '5:2', 5.03, NULL, NULL, NULL, NULL, NULL, NULL, 2),
(51, '2015-12-09', '08:14:36', '2015-12-09', '13:02:36', '4:48', 4.80, NULL, NULL, NULL, NULL, NULL, NULL, 20),
(52, '2015-12-09', '08:15:22', '2015-12-09', '19:26:11', '11:11', 11.18, NULL, NULL, NULL, NULL, NULL, NULL, 3),
(53, '2015-12-09', '08:15:32', '2015-12-09', '15:00:45', '6:45', 6.75, NULL, NULL, NULL, NULL, NULL, NULL, 14),
(54, '2015-12-09', '08:16:28', '2015-12-09', '15:05:17', '6:49', 6.82, NULL, NULL, NULL, NULL, NULL, NULL, 4),
(55, '2015-12-09', '08:16:52', '2015-12-09', '14:04:14', '5:47', 5.78, NULL, NULL, NULL, NULL, NULL, NULL, 1),
(56, '2015-12-09', '08:17:04', '2015-12-09', '13:02:41', '4:46', 4.77, NULL, NULL, NULL, NULL, NULL, NULL, 10),
(57, '2015-12-09', '08:17:20', '2015-12-09', '13:03:49', '4:46', 4.77, NULL, NULL, NULL, NULL, NULL, NULL, 5),
(58, '2015-12-09', '08:17:34', '2015-12-09', '15:02:14', '6:45', 6.75, NULL, NULL, NULL, NULL, NULL, NULL, 7),
(59, '2015-12-09', '08:18:32', '2015-12-09', '13:01:39', '4:43', 4.72, NULL, NULL, NULL, NULL, NULL, NULL, 13),
(60, '2015-12-09', '08:18:37', '2015-12-09', '14:00:56', '5:42', 5.70, NULL, NULL, NULL, NULL, NULL, NULL, 16),
(61, '2015-12-09', '08:18:51', '2015-12-09', '19:26:39', '11:8', 11.13, NULL, NULL, NULL, NULL, NULL, NULL, 19),
(62, '2015-12-09', '08:22:29', NULL, NULL, '', 0.00, NULL, NULL, NULL, NULL, NULL, NULL, 23),
(63, '2015-12-09', '08:22:54', '2015-12-09', '14:00:48', '5:38', 5.63, NULL, NULL, NULL, NULL, NULL, NULL, 11),
(64, '2015-12-09', '08:28:34', '2015-12-09', '14:06:45', '5:38', 5.63, NULL, NULL, NULL, NULL, NULL, NULL, 18),
(65, '2015-12-09', '13:55:51', '2015-12-09', '19:27:14', '5:31', 5.52, NULL, NULL, NULL, NULL, NULL, NULL, 20),
(66, '2015-12-09', '13:58:09', '2015-12-09', '19:27:28', '5:29', 5.48, NULL, NULL, NULL, NULL, NULL, NULL, 10),
(67, '2015-12-09', '13:58:18', '2015-12-09', '19:28:48', '5:31', 5.52, NULL, NULL, NULL, NULL, NULL, NULL, 15),
(68, '2015-12-09', '13:58:26', NULL, NULL, '', 0.00, NULL, NULL, NULL, NULL, NULL, NULL, 17),
(69, '2015-12-09', '13:58:36', NULL, NULL, '', 0.00, NULL, NULL, NULL, NULL, NULL, NULL, 2),
(70, '2015-12-09', '13:58:39', '2015-12-09', '19:31:49', '5:33', 5.55, NULL, NULL, NULL, NULL, NULL, NULL, 12),
(71, '2015-12-09', '13:58:43', '2015-12-09', '19:26:17', '5:28', 5.47, NULL, NULL, NULL, NULL, NULL, NULL, 13),
(72, '2015-12-09', '13:58:55', '2015-12-09', '19:26:35', '5:28', 5.47, NULL, NULL, NULL, NULL, NULL, NULL, 5),
(73, '2015-12-09', '14:47:04', '2015-12-09', '19:27:07', '4:40', 4.67, NULL, NULL, NULL, NULL, NULL, NULL, 21),
(74, '2015-12-09', '14:57:11', '2015-12-09', '19:32:16', '4:35', 4.58, NULL, NULL, NULL, NULL, NULL, NULL, 11),
(75, '2015-12-09', '14:57:16', '2015-12-09', '19:30:50', '4:34', 4.57, NULL, NULL, NULL, NULL, NULL, NULL, 1),
(76, '2015-12-09', '14:58:13', '2015-12-09', '19:28:54', '4:31', 4.52, NULL, NULL, NULL, NULL, NULL, NULL, 16),
(77, '2015-12-09', '14:58:23', '2015-12-09', '19:25:27', '4:27', 4.45, NULL, NULL, NULL, NULL, NULL, NULL, 8),
(78, '2015-12-09', '15:00:36', NULL, NULL, '', 0.00, NULL, NULL, NULL, NULL, NULL, NULL, 18),
(79, '2015-12-09', '15:01:01', '2015-12-09', '15:58:21', '0:57', 0.95, NULL, NULL, NULL, NULL, NULL, NULL, 22),
(80, '2015-12-09', '15:42:21', '2015-12-09', '19:31:56', '3:50', 3.83, NULL, NULL, NULL, NULL, NULL, NULL, 4),
(81, '2015-12-09', '15:57:02', '2015-12-09', '19:26:25', '3:29', 3.48, NULL, NULL, NULL, NULL, NULL, NULL, 9),
(82, '2015-12-09', '15:57:45', '2015-12-09', '19:26:30', '3:29', 3.48, NULL, NULL, NULL, NULL, NULL, NULL, 7),
(83, '2015-12-09', '15:57:53', '2015-12-09', '19:32:00', '3:34', 3.57, NULL, NULL, NULL, NULL, NULL, NULL, 14),
(84, '2015-12-09', '19:27:19', NULL, NULL, '', 0.00, NULL, NULL, NULL, NULL, NULL, NULL, 22),
(85, '2015-12-09', '19:31:53', '2015-12-09', '19:32:05', '0:0', 0.00, NULL, NULL, NULL, NULL, NULL, NULL, 6),
(86, '2015-12-10', '08:05:15', '2015-12-10', '15:01:49', '6:57', 6.95, NULL, NULL, NULL, NULL, NULL, NULL, 9),
(87, '2015-12-10', '08:05:21', '2015-12-10', '14:15:19', '6:10', 6.17, NULL, NULL, NULL, NULL, NULL, NULL, 21),
(88, '2015-12-10', '08:05:26', '2015-12-10', '14:14:11', '6:9', 6.15, NULL, NULL, NULL, NULL, NULL, NULL, 1),
(89, '2015-12-10', '08:07:20', '2015-12-10', '13:00:43', '4:53', 4.88, NULL, NULL, NULL, NULL, NULL, NULL, 12),
(90, '2015-12-10', '08:07:28', '2015-12-10', '19:25:55', '11:18', 11.30, NULL, NULL, NULL, NULL, NULL, NULL, 3),
(91, '2015-12-10', '08:07:35', '2015-12-10', '14:10:40', '6:3', 6.05, NULL, NULL, NULL, NULL, NULL, NULL, 2),
(92, '2015-12-10', '08:09:18', '2015-12-10', '14:01:39', '5:52', 5.87, NULL, NULL, NULL, NULL, NULL, NULL, 8),
(93, '2015-12-10', '08:09:34', '2015-12-10', '14:01:23', '5:52', 5.87, NULL, NULL, NULL, NULL, NULL, NULL, 6),
(94, '2015-12-10', '08:12:02', '2015-12-10', '13:00:48', '4:49', 4.82, NULL, NULL, NULL, NULL, NULL, NULL, 13),
(95, '2015-12-10', '08:12:10', '2015-12-10', '13:03:04', '4:51', 4.85, NULL, NULL, NULL, NULL, NULL, NULL, 15),
(96, '2015-12-10', '08:16:14', '2015-12-10', '13:11:43', '4:55', 4.92, NULL, NULL, NULL, NULL, NULL, NULL, 20),
(97, '2015-12-10', '08:17:20', '2015-12-10', '14:59:27', '6:42', 6.70, NULL, NULL, NULL, NULL, NULL, NULL, 19),
(98, '2015-12-10', '08:18:07', '2015-12-10', '14:02:06', '5:44', 5.73, NULL, NULL, NULL, NULL, NULL, NULL, 16),
(99, '2015-12-10', '08:18:31', '2015-12-10', '14:01:34', '5:43', 5.72, NULL, NULL, NULL, NULL, NULL, NULL, 11),
(100, '2015-12-10', '08:18:37', '2015-12-10', '13:02:02', '4:43', 4.72, NULL, NULL, NULL, NULL, NULL, NULL, 5),
(101, '2015-12-10', '08:19:19', NULL, NULL, '', 0.00, NULL, NULL, NULL, NULL, NULL, NULL, 4),
(102, '2015-12-10', '08:19:28', '2015-12-10', '14:02:46', '5:43', 5.72, NULL, NULL, NULL, NULL, NULL, NULL, 18),
(103, '2015-12-10', '08:19:32', '2015-12-10', '13:01:57', '4:42', 4.70, NULL, NULL, NULL, NULL, NULL, NULL, 10),
(104, '2015-12-10', '08:20:00', '2015-12-10', '15:05:19', '6:45', 6.75, NULL, NULL, NULL, NULL, NULL, NULL, 14),
(105, '2015-12-10', '08:21:31', '2015-12-10', '15:02:21', '6:41', 6.68, NULL, NULL, NULL, NULL, NULL, NULL, 22),
(106, '2015-12-10', '08:22:47', '2015-12-10', '15:00:23', '6:38', 6.63, NULL, NULL, NULL, NULL, NULL, NULL, 7),
(107, '2015-12-10', '13:55:52', '2015-12-10', '19:25:15', '5:29', 5.48, NULL, NULL, NULL, NULL, NULL, NULL, 10),
(108, '2015-12-10', '13:57:48', '2015-12-10', '19:27:16', '5:29', 5.48, NULL, NULL, NULL, NULL, NULL, NULL, 20),
(109, '2015-12-10', '13:57:56', '2015-12-10', '19:30:01', '5:32', 5.53, NULL, NULL, NULL, NULL, NULL, NULL, 12),
(110, '2015-12-10', '13:58:02', '2015-12-10', '19:26:55', '5:29', 5.48, NULL, NULL, NULL, NULL, NULL, NULL, 5),
(111, '2015-12-10', '13:58:10', NULL, NULL, '', 0.00, NULL, NULL, NULL, NULL, NULL, NULL, 13),
(112, '2015-12-10', '13:59:14', '2015-12-10', '19:26:38', '5:27', 5.45, NULL, NULL, NULL, NULL, NULL, NULL, 15),
(113, '2015-12-10', '14:52:35', '2015-12-10', '19:29:57', '4:37', 4.62, NULL, NULL, NULL, NULL, NULL, NULL, 21),
(114, '2015-12-10', '14:53:37', '2015-12-10', '19:26:07', '4:33', 4.55, NULL, NULL, NULL, NULL, NULL, NULL, 11),
(115, '2015-12-10', '14:54:13', NULL, NULL, '', 0.00, NULL, NULL, NULL, NULL, NULL, NULL, 6),
(116, '2015-12-10', '14:55:47', '2015-12-10', '19:30:16', '4:34', 4.57, NULL, NULL, NULL, NULL, NULL, NULL, 1),
(117, '2015-12-10', '14:58:26', '2015-12-10', '19:27:12', '4:29', 4.48, NULL, NULL, NULL, NULL, NULL, NULL, 8),
(118, '2015-12-10', '14:58:32', '2015-12-10', '19:30:09', '4:32', 4.53, NULL, NULL, NULL, NULL, NULL, NULL, 2),
(119, '2015-12-10', '14:58:36', '2015-12-10', '19:26:46', '4:28', 4.47, NULL, NULL, NULL, NULL, NULL, NULL, 16),
(120, '2015-12-10', '14:59:20', '2015-12-10', '19:26:59', '4:28', 4.47, NULL, NULL, NULL, NULL, NULL, NULL, 18),
(121, '2015-12-10', '15:10:14', NULL, NULL, '', 0.00, NULL, NULL, NULL, NULL, NULL, NULL, 17),
(122, '2015-12-10', '15:53:24', '2015-12-10', '19:25:02', '3:32', 3.53, NULL, NULL, NULL, NULL, NULL, NULL, 22),
(123, '2015-12-10', '15:59:47', '2015-12-10', '19:27:06', '3:27', 3.45, NULL, NULL, NULL, NULL, NULL, NULL, 14),
(124, '2015-12-10', '16:00:02', '2015-12-10', '19:25:50', '3:26', 3.43, NULL, NULL, NULL, NULL, NULL, NULL, 7),
(125, '2015-12-10', '16:00:08', '2015-12-10', '19:24:57', '3:25', 3.42, NULL, NULL, NULL, NULL, NULL, NULL, 9),
(126, '2015-12-10', '16:00:14', '2015-12-10', '19:27:20', '3:27', 3.45, NULL, NULL, NULL, NULL, NULL, NULL, 19),
(127, '2015-12-11', '08:16:17', '2015-12-11', '14:16:48', '6:1', 6.02, NULL, NULL, NULL, NULL, NULL, NULL, 21),
(128, '2015-12-11', '08:16:20', '2015-12-11', '15:00:19', '6:44', 6.73, NULL, NULL, NULL, NULL, NULL, NULL, 9),
(129, '2015-12-11', '08:16:54', '2015-12-11', '13:06:57', '4:50', 4.83, NULL, NULL, NULL, NULL, NULL, NULL, 15),
(130, '2015-12-11', '08:17:00', '2015-12-11', '13:13:12', '4:56', 4.93, NULL, NULL, NULL, NULL, NULL, NULL, 13),
(131, '2015-12-11', '08:17:03', '2015-12-11', '13:59:29', '5:42', 5.70, NULL, NULL, NULL, NULL, '5:42', 5.70, 14),
(132, '2015-12-11', '08:17:08', '2015-12-11', '13:02:49', '4:46', 4.77, NULL, NULL, NULL, NULL, NULL, NULL, 10),
(133, '2015-12-11', '08:17:16', '2015-12-11', '14:00:15', '5:43', 5.72, NULL, NULL, NULL, NULL, NULL, NULL, 8),
(134, '2015-12-11', '08:17:24', '2015-12-11', '14:00:08', '5:43', 5.72, NULL, NULL, NULL, NULL, NULL, NULL, 11),
(135, '2015-12-11', '08:17:35', '2015-12-11', '13:14:34', '4:57', 4.95, NULL, NULL, NULL, NULL, NULL, NULL, 2),
(136, '2015-12-11', '08:17:39', '2015-12-11', '15:08:54', '6:51', 6.85, NULL, NULL, NULL, NULL, NULL, NULL, 4),
(137, '2015-12-11', '08:18:04', '2015-12-11', '13:02:19', '4:44', 4.73, NULL, NULL, NULL, NULL, NULL, NULL, 20),
(138, '2015-12-11', '08:18:10', '2015-12-11', '14:08:28', '5:50', 5.83, NULL, NULL, NULL, NULL, NULL, NULL, 3),
(139, '2015-12-11', '08:18:16', '2015-12-11', '13:05:08', '4:47', 4.78, NULL, NULL, NULL, NULL, NULL, NULL, 5),
(140, '2015-12-11', '08:18:31', NULL, NULL, '', 0.00, NULL, NULL, NULL, NULL, NULL, NULL, 23),
(141, '2015-12-11', '08:18:35', '2015-12-11', '15:00:15', '6:42', 6.70, NULL, NULL, NULL, NULL, NULL, NULL, 7),
(142, '2015-12-11', '08:18:46', '2015-12-11', '14:01:15', '5:42', 5.70, NULL, NULL, NULL, NULL, NULL, NULL, 12),
(143, '2015-12-11', '08:19:22', '2015-12-11', '15:00:10', '6:41', 6.68, NULL, NULL, NULL, NULL, NULL, NULL, 19),
(144, '2015-12-11', '08:20:27', '2015-12-11', '14:07:30', '5:47', 5.78, NULL, NULL, NULL, NULL, NULL, NULL, 16),
(145, '2015-12-11', '08:23:47', '2015-12-11', '14:08:25', '5:45', 5.75, NULL, NULL, NULL, NULL, NULL, NULL, 6),
(146, '2015-12-11', '08:26:47', '2015-12-11', '14:59:43', '6:33', 6.55, NULL, NULL, NULL, NULL, NULL, NULL, 22),
(147, '2015-12-11', '13:50:26', NULL, NULL, '', 0.00, NULL, NULL, NULL, NULL, NULL, NULL, 20),
(148, '2015-12-11', '13:53:43', '2015-12-11', '19:29:28', '5:36', 5.60, NULL, NULL, NULL, NULL, NULL, NULL, 10),
(149, '2015-12-11', '13:53:47', '2015-12-11', '21:48:10', '7:54', 7.90, NULL, NULL, NULL, NULL, NULL, NULL, 5),
(150, '2015-12-11', '13:54:46', '2015-12-11', '20:22:40', '6:28', 6.47, NULL, NULL, NULL, NULL, NULL, NULL, 15),
(151, '2015-12-11', '13:57:19', NULL, NULL, '', 0.00, NULL, NULL, NULL, NULL, NULL, NULL, 17),
(152, '2015-12-11', '13:58:08', NULL, NULL, '', 0.00, NULL, NULL, NULL, NULL, NULL, NULL, 13),
(153, '2015-12-11', '14:00:33', NULL, NULL, '', 0.00, NULL, NULL, NULL, NULL, NULL, NULL, 2),
(154, '2015-12-11', '14:07:26', '2015-12-11', '14:55:09', '0:48', 0.80, NULL, NULL, NULL, NULL, NULL, NULL, 1),
(155, '2015-12-11', '14:40:35', NULL, NULL, '', 0.00, NULL, NULL, NULL, NULL, NULL, NULL, 21),
(156, '2015-12-11', '14:50:20', '2015-12-11', '19:28:41', '4:38', 4.63, NULL, NULL, NULL, NULL, NULL, NULL, 11),
(157, '2015-12-11', '14:57:11', '2015-12-11', '20:22:27', '5:25', 5.42, NULL, NULL, NULL, NULL, NULL, NULL, 16),
(158, '2015-12-11', '14:57:37', NULL, NULL, '', 0.00, NULL, NULL, NULL, NULL, NULL, NULL, 12),
(159, '2015-12-11', '14:58:04', '2015-12-11', '20:19:20', '5:21', 5.35, NULL, NULL, NULL, NULL, NULL, NULL, 8),
(160, '2015-12-11', '15:00:02', '2015-12-11', '20:21:17', '5:21', 5.35, NULL, NULL, NULL, NULL, NULL, NULL, 3),
(161, '2015-12-11', '15:48:04', NULL, NULL, '', 0.00, NULL, NULL, NULL, NULL, NULL, NULL, 4),
(162, '2015-12-11', '15:55:18', '2015-12-11', '20:21:23', '4:26', 4.43, NULL, NULL, NULL, NULL, NULL, NULL, 7),
(163, '2015-12-11', '15:56:09', '2015-12-11', '19:28:19', '3:32', 3.53, NULL, NULL, NULL, NULL, NULL, NULL, 9),
(164, '2015-12-11', '15:56:12', '2015-12-11', '20:21:07', '4:25', 4.42, NULL, NULL, NULL, NULL, NULL, NULL, 22),
(165, '2015-12-11', '15:59:27', NULL, NULL, '', 0.00, NULL, NULL, NULL, NULL, NULL, NULL, 14),
(166, '2015-12-11', '20:19:54', NULL, NULL, '', 0.00, NULL, NULL, NULL, NULL, NULL, NULL, 9),
(167, '2015-12-11', '20:20:01', NULL, NULL, '', 0.00, NULL, NULL, NULL, NULL, NULL, NULL, 19),
(168, '2015-12-12', '08:48:48', NULL, '17:26:58', '8:38', 8.63, NULL, NULL, NULL, NULL, '8:38', 8.63, 4),
(169, '2015-12-12', '08:48:54', NULL, '17:29:17', '8:40', 8.67, NULL, NULL, NULL, NULL, '8:40', 8.67, 21),
(170, '2015-12-12', '08:48:58', NULL, '13:03:15', '4:14', 4.23, '13:27:18', '17:29:39', '4:2:00', 4.03, '08:16:00', 8.26, 20),
(171, '2015-12-12', '08:49:21', NULL, '13:02:19', '4:13', 4.22, '13:29:46', '17:30:54', '4:1:00', 4.02, '08:14:00', 8.24, 10),
(172, '2015-12-12', '08:49:25', NULL, '17:26:39', '8:37', 8.62, NULL, NULL, NULL, NULL, '8:37', 8.62, 3),
(173, '2015-12-12', '08:49:28', NULL, '13:59:28', '5:10', 5.17, '14:30:58', '17:27:44', '2:57:00', 2.95, '08:07:00', 8.12, 9),
(174, '2015-12-12', '08:49:35', NULL, '13:02:15', '4:13', 4.22, '13:30:12', '17:29:30', '3:59:00', 3.98, '08:12:00', 8.20, 5),
(175, '2015-12-12', '08:49:46', NULL, '13:04:43', '4:15', 4.25, '13:29:19', NULL, NULL, NULL, '4:15', 4.25, 6),
(176, '2015-12-12', '08:49:50', NULL, '13:59:59', '5:10', 5.17, '14:31:07', '17:26:42', '2:56:00', 2.93, '08:06:00', 8.10, 19),
(177, '2015-12-12', '08:50:42', NULL, '17:27:01', '8:36', 8.60, NULL, NULL, NULL, NULL, '8:36', 8.60, 16),
(178, '2015-12-12', '08:50:49', NULL, '14:00:02', '5:9', 5.15, '14:30:04', '17:26:46', '2:57:00', 2.95, '08:06:00', 8.10, 7),
(179, '2015-12-12', '08:51:18', NULL, '13:14:49', '4:24', 4.40, '13:30:29', NULL, NULL, NULL, '4:24', 4.40, 2),
(180, '2015-12-12', '08:51:23', NULL, '13:00:57', '4:10', 4.17, '13:29:14', '17:26:54', '3:58:00', 3.97, '08:08:00', 8.14, 15),
(181, '2015-12-12', '08:51:28', NULL, '14:00:15', '5:9', 5.15, '14:31:01', '17:08:24', '2:37:00', 2.62, '07:46:00', 7.77, 22),
(182, '2015-12-12', '08:51:33', NULL, '14:00:50', '5:9', 5.15, '14:29:56', '17:30:57', '3:1:00', 3.02, '08:10:00', 8.17, 14),
(183, '2015-12-12', '08:51:38', NULL, '13:01:01', '4:9', 4.15, '13:29:28', '17:30:51', '4:1:00', 4.02, '08:10:00', 8.17, 17),
(184, '2015-12-12', '08:51:45', NULL, NULL, '', 0.00, NULL, NULL, NULL, NULL, NULL, NULL, 23),
(185, '2015-12-12', '08:52:08', NULL, '13:03:20', '4:11', 4.18, '13:29:43', '17:29:58', '4:0:00', 4.00, '08:11:00', 8.18, 13),
(186, '2015-12-12', '08:52:16', NULL, '13:30:57', '4:39', 4.65, '13:59:40', '16:57:50', '2:58:00', 2.97, '07:37:00', 7.62, 11),
(187, '2015-12-12', '08:54:31', NULL, '13:32:27', '4:38', 4.63, '13:58:43', '17:28:58', '3:30:00', 3.50, '08:08:00', 8.13, 8),
(188, '2015-12-12', '09:01:41', NULL, '13:32:32', '4:31', 4.52, '13:59:25', '17:28:53', '3:29:00', 3.48, '08:00:00', 8.00, 18),
(204, '2015-12-12', '13:02:12', NULL, '13:30:00', '0:28', 0.47, '17:29:21', '17:29:26', '0:0:00', 0.00, '00:28:00', 0.47, 12),
(205, '2015-12-12', '13:39:47', NULL, '13:58:26', '0:19', 0.32, NULL, NULL, NULL, NULL, '0:19', 0.32, 1),
(206, '2015-12-14', '08:14:20', NULL, '15:01:55', '6:48', 6.80, '16:00:16', '19:20:09', '3:20:00', 3.33, '10:08:00', 10.13, 9),
(207, '2015-12-14', '08:14:24', NULL, '14:18:36', '6:4', 6.07, '14:55:28', '19:21:50', '4:26:00', 4.43, '10:30:00', 10.50, 11),
(208, '2015-12-14', '08:14:28', NULL, '14:01:02', '5:47', 5.78, '14:54:25', '19:20:03', '4:26:00', 4.43, '10:13:00', 10.21, 21),
(209, '2015-12-14', '08:14:33', NULL, '19:24:07', '11:10', 11.17, NULL, NULL, NULL, NULL, '11:10', 11.17, 3),
(210, '2015-12-14', '08:14:39', NULL, '13:02:43', '4:48', 4.80, '13:59:24', '19:24:56', '5:26:00', 5.43, '10:14:00', 10.23, 8),
(211, '2015-12-14', '08:14:57', NULL, '13:02:25', '4:47', 4.78, '13:54:43', '19:23:49', '5:29:00', 5.48, '10:16:00', 10.26, 15),
(212, '2015-12-14', '08:15:02', NULL, '15:02:04', '6:47', 6.78, '16:00:38', '19:21:09', '3:21:00', 3.35, '10:08:00', 10.13, 14),
(213, '2015-12-14', '08:16:04', NULL, '13:02:28', '4:46', 4.77, '13:59:27', '19:21:38', '5:22:00', 5.37, '10:08:00', 10.14, 10),
(214, '2015-12-14', '08:16:11', NULL, '14:00:25', '5:44', 5.73, '14:59:13', '19:24:29', '4:25:00', 4.42, '10:09:00', 10.15, 16),
(215, '2015-12-14', '08:16:44', NULL, '13:05:19', '4:49', 4.82, '13:55:35', '19:22:14', '5:27:00', 5.45, '10:16:00', 10.27, 5),
(216, '2015-12-14', '08:17:31', NULL, '13:04:54', '4:47', 4.78, '13:55:09', '19:21:34', '5:26:00', 5.43, '10:13:00', 10.21, 20),
(217, '2015-12-14', '08:17:36', NULL, '15:02:26', '6:45', 6.75, '15:55:18', '19:21:14', '3:26:00', 3.43, '10:11:00', 10.18, 22),
(218, '2015-12-14', '08:17:41', NULL, '15:02:00', '6:44', 6.73, '15:58:55', '19:24:13', '3:25:00', 3.42, '10:09:00', 10.15, 19),
(219, '2015-12-14', '08:18:00', NULL, '15:02:17', '6:44', 6.73, '15:57:38', '19:24:22', '3:27:00', 3.45, '10:11:00', 10.18, 7),
(220, '2015-12-14', '08:18:04', NULL, '15:05:02', '6:47', 6.78, '15:59:48', '19:21:28', '3:22:00', 3.37, '10:09:00', 10.15, 4),
(221, '2015-12-14', '08:18:14', NULL, NULL, '', 0.00, NULL, NULL, NULL, NULL, NULL, NULL, 1),
(222, '2015-12-14', '08:22:32', NULL, '13:02:21', '4:40', 4.67, '13:51:15', '19:21:44', '5:30:00', 5.50, '10:10:00', 10.17, 13),
(223, '2015-12-14', '08:22:36', NULL, '13:01:36', '4:39', 4.65, '13:55:53', '19:21:05', '5:25:00', 5.42, '10:04:00', 10.07, 12),
(224, '2015-12-14', '08:27:16', NULL, NULL, '', 0.00, NULL, NULL, NULL, NULL, NULL, NULL, 23),
(225, '2015-12-14', '08:29:44', NULL, '14:59:16', '6:30', 6.50, '19:21:21', NULL, NULL, NULL, '6:30', 6.50, 18),
(226, '2015-12-14', '13:55:39', NULL, '19:24:34', '5:29', 5.48, NULL, NULL, NULL, NULL, '5:29', 5.48, 17),
(227, '2015-12-14', '19:21:55', NULL, NULL, '', 0.00, NULL, NULL, NULL, NULL, NULL, NULL, 2),
(228, '2015-12-15', '08:09:38', NULL, '15:02:15', '6:53', 6.88, '16:00:00', '19:24:22', '3:24:00', 3.40, '10:17:00', 10.28, 9),
(229, '2015-12-15', '08:09:43', NULL, '14:01:31', '5:52', 5.87, '14:50:53', '19:21:19', '4:30:00', 4.50, '10:22:00', 10.37, 21),
(230, '2015-12-15', '08:09:54', NULL, '13:59:25', '5:50', 5.83, NULL, NULL, NULL, NULL, '5:50', 5.83, 2),
(231, '2015-12-15', '08:10:49', NULL, '21:20:36', '13:10:00', 13.17, '15:59:52', '19:23:14', '3:23:00', 3.38, '13:10:00', 13.17, 20),
(232, '2015-12-15', '08:13:57', NULL, '13:59:19', '5:45', 5.75, NULL, NULL, NULL, NULL, '5:45', 5.75, 13),
(233, '2015-12-15', '08:14:01', NULL, '13:02:17', '4:48', 4.80, '13:55:53', '19:23:31', '5:28:00', 5.47, '10:16:00', 10.27, 5),
(234, '2015-12-15', '08:14:07', NULL, '19:28:08', '11:14', 11.23, NULL, NULL, NULL, NULL, '11:14', 11.23, 3),
(235, '2015-12-15', '08:14:59', NULL, '13:03:11', '4:48', 4.80, '13:59:32', '19:26:34', '5:27:00', 5.45, '10:15:00', 10.25, 15),
(236, '2015-12-15', '08:15:07', NULL, '14:06:05', '5:51', 5.85, '15:02:19', '15:02:32', '0:0:00', 0.00, '05:51:00', 5.85, 14),
(237, '2015-12-15', '08:15:15', NULL, '14:59:53', '6:45', 6.75, '15:59:56', '19:24:05', '3:24:00', 3.40, '10:09:00', 10.15, 7),
(238, '2015-12-15', '08:15:33', NULL, '15:01:42', '6:46', 6.77, '15:56:05', '19:22:49', '3:27:00', 3.45, '10:13:00', 10.22, 19),
(239, '2015-12-15', '08:15:39', NULL, NULL, '', 0.00, NULL, NULL, NULL, NULL, NULL, NULL, 23),
(240, '2015-12-15', '08:16:27', NULL, '13:02:23', '4:46', 4.77, '13:59:28', '19:23:02', '5:24:00', 5.40, '10:10:00', 10.17, 8),
(241, '2015-12-15', '08:16:33', NULL, '15:06:19', '6:50', 6.83, '15:55:27', NULL, NULL, NULL, '6:50', 6.83, 4),
(242, '2015-12-15', '08:16:46', NULL, '13:01:19', '4:45', 4.75, '13:59:21', '19:26:15', '5:27:00', 5.45, '10:12:00', 10.20, 10),
(243, '2015-12-15', '08:18:43', NULL, '14:01:35', '5:43', 5.72, '14:50:48', '19:26:55', '4:36:00', 4.60, '10:19:00', 10.32, 16),
(244, '2015-12-15', '08:18:51', NULL, '15:01:39', '6:43', 6.72, '16:01:12', '19:24:19', '3:23:00', 3.38, '10:06:00', 10.10, 22),
(245, '2015-12-15', '08:18:57', NULL, '14:00:10', '5:41', 5.68, '14:58:30', NULL, NULL, NULL, '5:41', 5.68, 11),
(246, '2015-12-15', '08:21:34', NULL, '14:06:29', '5:45', 5.75, '14:59:14', '19:28:42', '4:29:00', 4.48, '10:14:00', 10.23, 18),
(247, '2015-12-15', '08:25:19', NULL, '13:01:58', '4:37', 4.62, '13:56:11', '19:23:27', '5:27:00', 5.45, '10:04:00', 10.07, 12),
(248, '2015-12-15', '13:56:29', NULL, NULL, '', 0.00, NULL, NULL, NULL, NULL, NULL, NULL, 17),
(249, '2015-12-15', '13:59:35', NULL, '15:00:20', '1:1', 1.02, NULL, NULL, NULL, NULL, '1:1', 1.02, 6),
(250, '2015-12-15', '14:03:40', NULL, '14:54:42', '0:51', 0.85, '19:28:27', NULL, NULL, NULL, '0:51', 0.85, 1),
(251, '2015-12-16', '08:05:36', NULL, NULL, '', 0.00, NULL, NULL, NULL, NULL, NULL, NULL, 6),
(252, '2015-12-16', '08:05:40', NULL, '14:18:44', '6:13', 6.22, '14:55:30', '19:23:46', '4:28:00', 4.47, '10:41:00', 10.69, 21),
(253, '2015-12-16', '08:05:45', NULL, '14:59:58', '6:54', 6.90, '15:58:18', '19:23:59', '3:26:00', 3.43, '10:20:00', 10.33, 9),
(254, '2015-12-16', '08:08:30', NULL, '13:01:20', '4:53', 4.88, '13:57:48', '19:26:05', '5:28:00', 5.47, '10:21:00', 10.35, 8),
(255, '2015-12-16', '08:10:16', NULL, '14:03:52', '5:54', 5.90, '14:51:26', NULL, NULL, NULL, '5:54', 5.90, 3),
(256, '2015-12-16', '08:11:52', NULL, '13:59:51', '5:48', 5.80, '13:59:54', '19:26:52', '5:27:00', 5.45, '11:15:00', 11.25, 5),
(257, '2015-12-16', '08:14:42', NULL, '15:18:21', '7:4', 7.07, '15:57:58', '19:25:02', '3:27:00', 3.45, '10:31:00', 10.52, 20),
(258, '2015-12-16', '08:17:49', NULL, '14:00:26', '5:43', 5.72, '14:50:44', '19:27:53', '4:37:00', 4.62, '10:20:00', 10.34, 11),
(259, '2015-12-16', '08:18:30', NULL, NULL, '', 0.00, NULL, NULL, NULL, NULL, NULL, NULL, 23),
(260, '2015-12-16', '08:18:38', NULL, '13:01:14', '4:43', 4.72, '13:57:40', '19:24:47', '5:27:00', 5.45, '10:10:00', 10.17, 10),
(261, '2015-12-16', '08:18:46', NULL, '13:03:54', '4:45', 4.75, '13:58:26', '19:23:53', '5:25:00', 5.42, '10:10:00', 10.17, 13),
(262, '2015-12-16', '08:19:29', NULL, '15:01:08', '6:42', 6.70, '15:57:51', '19:25:18', '3:27:00', 3.45, '10:09:00', 10.15, 19),
(263, '2015-12-16', '08:19:33', NULL, '15:00:57', '6:41', 6.68, '15:52:26', '19:26:37', '3:34:00', 3.57, '10:15:00', 10.25, 7),
(264, '2015-12-16', '08:19:39', NULL, '15:20:40', '7:1', 7.02, '15:58:11', '19:25:34', '3:27:00', 3.45, '10:28:00', 10.47, 4),
(265, '2015-12-16', '13:00:38', NULL, '13:00:57', '0:0', 0.00, '13:57:43', '19:25:20', '5:28:00', 5.47, '05:28:00', 5.47, 12),
(266, '2015-12-16', '13:00:47', NULL, '13:01:05', '0:0', 0.00, '13:57:32', '19:29:00', '5:31:00', 5.52, '05:31:00', 5.52, 15),
(267, '2015-12-16', '13:08:48', NULL, '13:56:23', '0:48', 0.80, '19:25:10', NULL, NULL, NULL, '0:48', 0.80, 2),
(268, '2015-12-16', '13:56:20', NULL, '19:26:23', '5:30', 5.50, NULL, NULL, NULL, NULL, '5:30', 5.50, 17),
(269, '2015-12-16', '14:00:37', NULL, '14:58:16', '0:58', 0.97, '19:26:46', '19:27:03', '0:0:00', 0.00, '00:58:00', 0.97, 18),
(270, '2015-12-16', '14:02:18', NULL, '19:27:20', '5:25', 5.42, NULL, NULL, NULL, NULL, '5:25', 5.42, 1),
(271, '2015-12-16', '14:03:50', NULL, '14:54:22', '0:51', 0.85, '19:27:29', '19:27:40', '0:0:00', 0.00, '00:51:00', 0.85, 16),
(272, '2015-12-16', '15:01:22', NULL, '16:01:22', '1:0', 1.00, '19:25:14', '19:26:41', '0:1:00', 0.02, '01:01:00', 1.02, 14),
(273, '2015-12-16', '15:02:04', NULL, '15:58:02', '0:56', 0.93, '19:25:22', NULL, NULL, NULL, '0:56', 0.93, 22),
(274, '2015-12-17', '07:58:40', NULL, '14:00:10', '6:2', 6.03, '14:57:42', '19:30:23', '4:33:00', 4.55, '10:35:00', 10.58, 9),
(275, '2015-12-17', '07:58:44', NULL, '15:06:37', '7:8', 7.13, '15:59:09', '19:28:35', '3:29:00', 3.48, '10:37:00', 10.61, 21),
(276, '2015-12-17', '07:58:47', NULL, '08:13:52', '0:15', 0.25, '15:02:00', NULL, NULL, NULL, '0:15', 0.25, 6),
(277, '2015-12-17', '07:58:50', NULL, '13:59:15', '6:0', 6.00, NULL, NULL, NULL, NULL, '6:0', 6.00, 1),
(278, '2015-12-17', '08:02:26', NULL, '15:38:31', '7:36', 7.60, '16:26:18', '19:29:29', '3:3:00', 3.05, '10:39:00', 10.65, 2),
(279, '2015-12-17', '08:05:05', NULL, '13:09:53', '5:5', 5.08, '13:59:22', '19:30:29', '5:31:00', 5.52, '10:36:00', 10.60, 20),
(280, '2015-12-17', '08:09:59', NULL, '14:02:59', '5:53', 5.88, '14:57:48', '19:33:31', '4:36:00', 4.60, '10:29:00', 10.48, 15),
(281, '2015-12-17', '08:10:44', NULL, '14:02:46', '5:52', 5.87, '14:57:36', '19:29:25', '4:32:00', 4.53, '10:24:00', 10.40, 13),
(282, '2015-12-17', '08:10:52', NULL, '14:02:05', '5:51', 5.85, '14:57:37', '19:30:31', '4:33:00', 4.55, '10:24:00', 10.40, 3),
(283, '2015-12-17', '08:13:34', NULL, '13:04:57', '4:51', 4.85, '13:59:13', NULL, NULL, NULL, '4:51', 4.85, 12),
(284, '2015-12-17', '08:13:45', NULL, '13:03:34', '4:50', 4.83, '13:59:08', '19:29:10', '5:30:00', 5.50, '10:20:00', 10.33, 10),
(285, '2015-12-17', '08:16:57', NULL, '14:00:14', '5:43', 5.72, '14:57:45', '19:28:58', '4:31:00', 4.52, '10:14:00', 10.24, 8),
(286, '2015-12-17', '08:17:03', NULL, '13:59:29', '5:42', 5.70, NULL, NULL, NULL, NULL, '5:42', 5.70, 14),
(287, '2015-12-17', '08:17:13', NULL, '13:08:39', '4:51', 4.85, '13:59:34', NULL, NULL, NULL, '4:51', 4.85, 18),
(288, '2015-12-17', '08:18:59', NULL, '15:02:20', '6:43', 6.72, '15:58:49', '19:28:49', '3:30:00', 3.50, '10:13:00', 10.22, 19),
(289, '2015-12-17', '08:19:41', NULL, '13:03:12', '4:44', 4.73, '13:59:18', '19:29:15', '5:30:00', 5.50, '10:14:00', 10.23, 7),
(290, '2015-12-17', '08:19:44', NULL, '14:10:20', '5:51', 5.85, '14:57:40', '19:28:38', '4:31:00', 4.52, '10:22:00', 10.37, 4),
(291, '2015-12-17', '08:21:05', NULL, '15:23:01', '7:2', 7.03, '15:59:21', NULL, NULL, NULL, '7:2', 7.03, 5),
(292, '2015-12-17', '08:22:57', NULL, '15:23:11', '7:0', 7.00, '15:59:13', '19:29:20', '3:30:00', 3.50, '10:30:00', 10.50, 11),
(293, '2015-12-17', '08:26:09', NULL, NULL, '', 0.00, NULL, NULL, NULL, NULL, NULL, NULL, 23),
(294, '2015-12-17', '13:54:03', NULL, '19:30:34', '5:37', 5.62, NULL, NULL, NULL, NULL, '5:37', 5.62, 17),
(295, '2015-12-18', '08:10:49', NULL, '15:20:36', '7:10:00', 7.17, '15:51:33', '19:06:28', '3:15:00', 3.25, '21:15:00', 10.42, 20),
(296, '2015-12-18', '08:10:54', NULL, NULL, '', 0.00, NULL, NULL, NULL, NULL, NULL, NULL, 21),
(297, '2015-12-18', '08:11:02', NULL, '13:59:29', '4:48:00', 4.80, NULL, NULL, NULL, NULL, '11:48:00', 11.80, 2),
(298, '2015-12-18', '08:11:04', NULL, '19:05:19', '10:54:00', 10.90, NULL, NULL, NULL, NULL, '10:54:00', 10.90, 13),
(299, '2015-12-18', '08:11:15', NULL, '15:06:40', '6:55:00', 6.92, '15:06:50', '15:59:57', '0:53:00', 0.88, '00:53:00', 13.80, 14),
(300, '2015-12-18', '08:11:23', NULL, '13:59:40', '5:48:00', 5.80, NULL, NULL, NULL, NULL, '11:48:00', 11.80, 8),
(301, '2015-12-18', '08:11:35', NULL, NULL, '', 0.00, NULL, NULL, NULL, NULL, NULL, NULL, 5),
(302, '2015-12-18', '08:13:09', NULL, '15:00:53', '6:48:00', 6.80, '15:59:38', '19:04:39', '3:5:00', 3.08, '21:05:00', 9.88, 9),
(303, '2015-12-18', '08:13:42', NULL, NULL, '', 0.00, NULL, NULL, NULL, NULL, NULL, NULL, 23),
(304, '2015-12-18', '08:13:51', NULL, '15:00:10', '6:46:00', 6.77, '19:06:21', NULL, NULL, NULL, '11:46:00', 11.77, 15),
(305, '2015-12-18', '08:13:56', NULL, '14:05:13', '5:51:00', 5.85, '14:59:58', '14:59:58', '0:0:00', 0.00, '00:00:00', 11.85, 3),
(306, '2015-12-18', '13:59:22', NULL, '19:05:46', '5:6:00', 5.10, NULL, NULL, NULL, NULL, '5:6:00', 5.10, 10),
(307, '2015-12-18', '14:00:04', NULL, '19:06:45', '5:7:00', 5.12, NULL, NULL, NULL, NULL, '5:7:00', 5.12, 17),
(308, '2015-12-18', '14:00:35', NULL, '15:00:02', '0:59:00', 0.98, '15:00:03', '15:00:03', '0:0:00', 0.00, '00:00:00', 0.98, 6),
(309, '2015-12-18', '14:00:48', NULL, '14:59:45', '0:59:00', 0.98, '14:59:46', '14:59:46', '0:0:00', 0.00, '00:00:00', 0.98, 16),
(310, '2015-12-18', '14:01:42', NULL, '14:59:53', '0:58:00', 0.97, NULL, NULL, NULL, NULL, '0:58:00', 0.97, 18),
(311, '2015-12-18', '14:02:03', NULL, '14:54:39', '0:53:00', 0.88, NULL, NULL, NULL, NULL, '0:53:00', 0.88, 11),
(312, '2015-12-18', '14:05:57', NULL, '14:50:02', '0:44:00', 0.73, '19:09:47', NULL, NULL, NULL, '0:44:00', 0.73, 1),
(313, '2015-12-18', '15:00:37', NULL, '15:49:53', '0:49:00', 0.82, '19:04:50', NULL, NULL, NULL, '0:49:00', 0.82, 7),
(314, '2015-12-18', '15:00:48', NULL, '15:57:55', '0:57:00', 0.95, '19:06:40', NULL, NULL, NULL, '0:57:00', 0.95, 19),
(315, '2015-12-18', '15:02:19', NULL, '15:49:58', '0:48:00', 0.80, '15:49:59', '15:50:00', '0:0:00', 0.00, '00:00:00', 0.80, 22),
(316, '2015-12-18', '15:12:44', NULL, '15:41:21', '0:29:00', 0.48, NULL, NULL, NULL, NULL, '0:29:00', 0.48, 4),
(317, '2015-12-18', '19:06:33', NULL, '19:06:34', '0:0:00', 0.00, NULL, NULL, NULL, NULL, '0:0:00', 0.00, 12),
(318, '2015-12-19', '09:14:27', NULL, '13:32:40', '4:18:00', 4.30, '13:58:24', NULL, NULL, NULL, '4:18:00', 4.30, 3),
(319, '2015-12-19', '09:14:33', NULL, '14:00:40', '4:46:00', 4.77, '14:28:40', NULL, NULL, NULL, '4:46:00', 4.77, 7),
(320, '2015-12-19', '09:14:37', NULL, '09:14:38', '0:0:00', 0.00, '09:14:39', '09:14:39', '0:0:00', 0.00, '18:00:00', 0.00, 19),
(321, '2015-12-19', '09:14:57', NULL, '13:01:47', '3:47:00', 3.78, '13:29:17', NULL, NULL, NULL, '3:47:00', 3.78, 8),
(322, '2015-12-19', '09:15:09', NULL, '13:30:59', '4:16:00', 4.27, '13:58:53', NULL, NULL, NULL, '4:16:00', 4.27, 18),
(323, '2015-12-19', '09:15:19', NULL, NULL, '', 0.00, NULL, NULL, NULL, NULL, NULL, NULL, 23),
(324, '2015-12-19', '09:15:32', NULL, '14:00:05', '4:45:00', 4.75, '14:29:14', NULL, NULL, NULL, '4:45:00', 4.75, 9),
(325, '2015-12-19', '09:16:17', NULL, '09:16:17', '0:0:00', 0.00, '09:16:18', '13:31:48', '4:16:00', 4.27, '22:16:00', 4.27, 16),
(326, '2015-12-19', '09:16:24', NULL, '09:16:25', '0:0:00', 0.00, '09:16:25', '09:16:26', '0:0:00', 0.00, '18:00:00', 0.00, 12),
(327, '2015-12-19', '13:01:10', NULL, '13:29:27', '0:28:00', 0.47, NULL, NULL, NULL, NULL, '0:28:00', 0.47, 10),
(328, '2015-12-19', '13:01:52', NULL, '13:29:33', '0:28:00', 0.47, NULL, NULL, NULL, NULL, '0:28:00', 0.47, 15),
(329, '2015-12-19', '13:02:56', NULL, '13:29:23', '0:26:00', 0.43, NULL, NULL, NULL, NULL, '0:26:00', 0.43, 13),
(330, '2015-12-19', '13:29:38', NULL, NULL, '', 0.00, NULL, NULL, NULL, NULL, NULL, NULL, 17),
(331, '2015-12-19', '13:29:45', NULL, NULL, '', 0.00, NULL, NULL, NULL, NULL, NULL, NULL, 2),
(332, '2015-12-19', '13:29:52', NULL, '13:29:53', '0:0:00', 0.00, '13:57:38', NULL, NULL, NULL, '0:0:00', 0.00, 11),
(333, '2015-12-19', '13:30:06', NULL, NULL, '', 0.00, NULL, NULL, NULL, NULL, NULL, NULL, 5),
(334, '2015-12-19', '13:32:18', NULL, '13:51:04', '0:19:00', 0.32, NULL, NULL, NULL, NULL, '0:19:00', 0.32, 21),
(335, '2015-12-19', '14:00:50', NULL, '14:29:05', '0:28:00', 0.47, NULL, NULL, NULL, NULL, '0:28:00', 0.47, 22),
(336, '2015-12-19', '14:01:31', NULL, '14:26:38', '0:25:00', 0.42, NULL, NULL, NULL, NULL, '0:25:00', 0.42, 20),
(337, '2015-12-19', '14:02:41', NULL, '14:26:25', '0:24:00', 0.40, NULL, NULL, NULL, NULL, '0:24:00', 0.40, 4),
(338, '2015-12-19', '14:02:46', NULL, '14:26:45', '0:24:00', 0.40, NULL, NULL, NULL, NULL, '0:24:00', 0.40, 14),
(339, '2015-12-19', '14:24:32', NULL, '14:43:54', '0:19:00', 0.32, NULL, NULL, NULL, NULL, '0:19:00', 0.32, 6),
(340, '2015-12-21', '08:04:15', NULL, '15:00:36', '6:56:00', 6.93, '16:00:29', '19:31:17', '3:31:00', 3.52, '21:31:00', 10.45, 9),
(341, '2015-12-21', '08:04:46', NULL, '13:07:30', '5:3:00', 5.05, '13:54:37', '19:31:11', '5:37:00', 5.62, '23:37:00', 10.67, 13),
(342, '2015-12-21', '08:05:18', NULL, '14:46:57', '6:42:00', 6.70, '19:32:00', NULL, NULL, NULL, '6:42:00', 6.70, 21),
(343, '2015-12-21', '08:05:31', NULL, '14:01:56', '5:56:00', 5.93, '14:02:01', '14:59:29', '0:57:00', 0.95, '18:57:00', 6.88, 3),
(344, '2015-12-21', '08:05:55', NULL, '13:07:37', '5:2:00', 5.03, '13:54:45', '19:32:52', '5:38:00', 5.63, '23:38:00', 10.66, 2),
(345, '2015-12-21', '08:12:06', NULL, '14:02:46', '5:51:00', 5.85, '14:54:13', '19:31:53', '4:38:00', 4.63, '22:38:00', 10.48, 11),
(346, '2015-12-21', '08:12:14', NULL, '14:02:07', '5:50:00', 5.83, NULL, NULL, NULL, NULL, '5:50:00', 5.83, 6),
(347, '2015-12-21', '08:12:40', NULL, '15:01:21', '6:49:00', 6.82, '15:56:12', '19:32:05', '3:36:00', 3.60, '21:36:00', 10.42, 7),
(348, '2015-12-21', '08:13:26', NULL, '14:03:16', '5:50:00', 5.83, '14:59:16', '14:59:17', '0:0:00', 0.00, '18:00:00', 5.83, 16),
(349, '2015-12-21', '08:13:32', NULL, '15:00:42', '6:47:00', 6.78, '15:46:02', '19:31:27', '3:45:00', 3.75, '21:45:00', 10.53, 20),
(350, '2015-12-21', '08:14:55', NULL, '13:05:06', '4:50:00', 4.83, '13:57:36', '19:32:40', '5:35:00', 5.58, '23:35:00', 10.41, 8),
(351, '2015-12-21', '08:17:06', NULL, NULL, '', 0.00, NULL, NULL, NULL, NULL, NULL, NULL, 14),
(352, '2015-12-21', '08:17:54', NULL, '19:33:37', '11:16:00', 11.27, NULL, NULL, NULL, NULL, '11:16:00', 11.27, 1),
(353, '2015-12-21', '08:18:35', NULL, '13:05:16', '4:47:00', 4.78, '13:57:43', '19:31:06', '5:33:00', 5.55, '23:33:00', 10.33, 10),
(354, '2015-12-21', '08:21:50', NULL, '08:21:50', '0:0:00', 0.00, '13:59:28', '19:31:39', '5:32:00', 5.53, '23:32:00', 5.53, 12),
(355, '2015-12-21', '08:21:59', NULL, '14:10:35', '5:49:00', 5.82, '14:59:12', NULL, NULL, NULL, '5:49:00', 5.82, 18),
(356, '2015-12-21', '08:22:12', NULL, '13:07:04', '4:45:00', 4.75, '13:59:32', '19:31:45', '5:32:00', 5.53, '23:32:00', 10.28, 5),
(357, '2015-12-21', '08:23:37', NULL, '15:02:09', '6:39:00', 6.65, '15:02:10', '15:56:17', '0:54:00', 0.90, '18:54:00', 7.55, 22),
(358, '2015-12-21', '08:24:31', NULL, '13:05:11', '4:41:00', 4.68, '13:57:29', NULL, NULL, NULL, '4:41:00', 4.68, 15),
(359, '2015-12-21', '15:02:15', NULL, '15:56:25', '0:54:00', 0.90, '19:32:31', NULL, NULL, NULL, '0:54:00', 0.90, 19),
(360, '2015-12-21', '15:48:54', NULL, NULL, '', 0.00, NULL, NULL, NULL, NULL, NULL, NULL, 4),
(361, '2015-12-22', '08:02:20', NULL, '15:02:03', '6:60:00', 7.00, '15:57:07', '19:02:55', '3:6:00', 3.10, '21:06:00', 10.10, 9),
(362, '2015-12-22', '08:05:34', NULL, '14:06:15', '6:1:00', 6.02, '14:47:04', '19:31:40', '4:45:00', 4.75, '22:45:00', 10.77, 21),
(363, '2015-12-22', '08:05:47', NULL, '13:37:17', '5:32:00', 5.53, '14:27:04', '19:31:59', '5:5:00', 5.08, '23:05:00', 10.61, 2),
(364, '2015-12-22', '08:07:18', NULL, '14:11:34', '6:4:00', 6.07, '14:11:34', '14:11:34', '0:0:00', 0.00, '18:00:00', 6.07, 1),
(365, '2015-12-22', '08:08:33', NULL, '13:03:25', '4:55:00', 4.92, '13:58:48', '19:30:18', '5:32:00', 5.53, '23:32:00', 10.45, 13),
(366, '2015-12-22', '08:08:48', NULL, '15:02:46', '6:54:00', 6.90, '15:59:10', '19:32:11', '3:33:00', 3.55, '21:33:00', 10.45, 20),
(367, '2015-12-22', '08:10:06', NULL, '13:04:11', '4:54:00', 4.90, '13:58:55', '19:30:04', '5:31:00', 5.52, '23:31:00', 10.42, 8),
(368, '2015-12-22', '08:15:41', NULL, '19:30:08', '11:14:00', 11.23, NULL, NULL, NULL, NULL, '11:14:00', 11.23, 3),
(369, '2015-12-22', '08:15:48', NULL, '15:10:53', '6:55:00', 6.92, '15:59:15', NULL, NULL, NULL, '6:55:00', 6.92, 14),
(370, '2015-12-22', '08:16:37', NULL, '15:00:40', '6:44:00', 6.73, '15:55:38', '19:30:50', '3:35:00', 3.58, '21:35:00', 10.31, 7),
(371, '2015-12-22', '08:16:43', NULL, '13:03:53', '4:47:00', 4.78, '13:58:38', '19:33:28', '5:35:00', 5.58, '23:35:00', 10.36, 15),
(372, '2015-12-22', '08:17:20', NULL, '08:17:21', '0:0:00', 0.00, '14:11:24', '14:57:58', '0:47:00', 0.78, '18:47:00', 0.78, 16),
(373, '2015-12-22', '08:17:29', NULL, '13:00:10', '4:43:00', 4.72, '14:00:37', '19:32:22', '5:32:00', 5.53, '23:32:00', 10.25, 12),
(374, '2015-12-22', '08:17:40', NULL, '14:00:19', '5:43:00', 5.72, '14:53:14', '19:03:07', '4:10:00', 4.17, '22:10:00', 9.89, 11),
(375, '2015-12-22', '08:18:00', NULL, '14:00:46', '5:43:00', 5.72, '15:00:04', NULL, NULL, NULL, '5:43:00', 5.72, 6),
(376, '2015-12-22', '08:18:45', NULL, '15:00:10', '6:41:00', 6.68, '15:58:44', '19:32:06', '3:33:00', 3.55, '21:33:00', 10.23, 22),
(377, '2015-12-22', '08:19:05', NULL, '13:07:58', '4:49:00', 4.82, '14:00:32', '19:32:16', '5:32:00', 5.53, '23:32:00', 10.35, 5),
(378, '2015-12-22', '08:19:10', NULL, '13:01:55', '4:43:00', 4.72, '13:58:43', '19:02:49', '5:4:00', 5.07, '23:04:00', 9.79, 10),
(379, '2015-12-22', '08:21:00', NULL, '14:59:35', '6:39:00', 6.65, '15:59:22', '19:28:31', '3:29:00', 3.48, '21:29:00', 10.13, 19),
(380, '2015-12-22', '08:23:27', NULL, '14:18:45', '5:55:00', 5.92, '14:59:24', '19:33:38', '4:34:00', 4.57, '22:34:00', 10.49, 18),
(381, '2015-12-22', '14:59:28', NULL, '15:59:33', '1:0:00', 1.00, NULL, NULL, NULL, NULL, '1:0:00', 1.00, 23),
(382, '2015-12-22', '15:29:43', NULL, '15:59:05', '0:29:00', 0.48, '19:31:26', NULL, NULL, NULL, '0:29:00', 0.48, 4),
(383, '2015-12-23', '08:10:18', NULL, '14:02:29', '5:52:00', 5.87, '14:59:44', NULL, NULL, NULL, '5:52:00', 5.87, 3),
(384, '2015-12-23', '08:10:24', NULL, '13:02:31', '4:52:00', 4.87, '13:58:19', '19:21:58', '5:24:00', 5.40, '10:16:00', 10.27, 13),
(385, '2015-12-23', '08:10:28', NULL, '15:00:03', '6:50:00', 6.83, '15:59:01', '19:22:13', '3:23:00', 3.38, '10:13:00', 10.21, 9),
(386, '2015-12-23', '08:12:10', NULL, '14:54:36', '6:42:00', 6.70, '19:25:46', NULL, NULL, NULL, '6:42:00', 6.70, 1),
(387, '2015-12-23', '08:12:15', NULL, '14:01:34', '5:49:00', 5.82, NULL, NULL, NULL, NULL, '5:49:00', 5.82, 2),
(388, '2015-12-23', '08:12:39', NULL, '14:53:46', '6:41:00', 6.68, '19:22:20', NULL, NULL, NULL, '6:41:00', 6.68, 21),
(389, '2015-12-23', '08:12:58', NULL, '14:01:47', '5:49:00', 5.82, '14:58:23', '19:22:04', '4:24:00', 4.40, '10:13:00', 10.22, 11),
(390, '2015-12-23', '08:13:39', NULL, '15:12:03', '6:58:00', 6.97, '16:02:12', '19:26:04', '3:24:00', 3.40, '10:22:00', 10.37, 14),
(391, '2015-12-23', '08:15:37', NULL, '13:08:32', '4:53:00', 4.88, '13:59:12', '19:22:47', '5:24:00', 5.40, '10:17:00', 10.28, 12),
(392, '2015-12-23', '08:15:46', NULL, '13:02:25', '4:47:00', 4.78, '13:59:35', '19:21:49', '5:22:00', 5.37, '10:09:00', 10.15, 10),
(393, '2015-12-23', '08:15:56', NULL, '15:02:30', '6:47:00', 6.78, '15:57:46', '19:23:03', '3:25:00', 3.42, '10:12:00', 10.20, 22),
(394, '2015-12-23', '08:16:06', NULL, NULL, '', 0.00, NULL, NULL, NULL, NULL, NULL, NULL, 6),
(395, '2015-12-23', '08:17:29', NULL, '14:07:08', '5:50:00', 5.83, '14:59:49', '19:25:31', '4:26:00', 4.43, '10:16:00', 10.26, 16),
(396, '2015-12-23', '08:17:37', NULL, '15:01:46', '6:44:00', 6.73, '15:56:30', '19:25:52', '3:29:00', 3.48, '10:13:00', 10.21, 7),
(397, '2015-12-23', '08:19:00', NULL, '16:01:27', '7:42:00', 7.70, '16:59:32', NULL, NULL, NULL, '7:42:00', 7.70, 19),
(398, '2015-12-23', '08:19:11', NULL, '15:06:34', '6:47:00', 6.78, '15:56:26', '19:22:41', '3:26:00', 3.43, '10:13:00', 10.21, 20),
(399, '2015-12-23', '08:19:56', NULL, '14:07:14', '5:47:00', 5.78, '14:59:05', '19:26:00', '4:27:00', 4.45, '10:14:00', 10.23, 18),
(400, '2015-12-23', '08:20:03', NULL, '13:08:36', '4:49:00', 4.82, '13:59:16', NULL, NULL, NULL, '4:49:00', 4.82, 5),
(401, '2015-12-23', '08:21:00', NULL, '13:06:50', '4:46:00', 4.77, '13:53:58', '19:25:07', '5:31:00', 5.52, '10:17:00', 10.29, 15),
(402, '2015-12-23', '08:25:22', NULL, '08:25:23', '0:0:00', 0.00, '15:02:42', '15:02:43', '0:0:00', 0.00, '18:00:00', 0.00, 23),
(403, '2015-12-23', '08:25:28', NULL, '15:06:40', '6:41:00', 6.68, '15:47:48', '15:47:48', '0:0:00', 0.00, '18:00:00', 6.68, 4),
(404, '2015-12-23', '08:28:44', NULL, '15:07:23', '6:39:00', 6.65, '15:58:00', '19:23:19', '3:25:00', 3.42, '10:04:00', 10.07, 24),
(405, '2015-12-23', '08:30:01', NULL, '15:57:53', '7:28:00', 7.47, '19:23:25', NULL, NULL, NULL, '7:28:00', 7.47, 25),
(406, '2015-12-24', '08:10:22', NULL, '14:02:09', '5:52:00', 5.87, '14:39:59', '17:40:07', '3:0:00', 3.00, '08:52:00', 8.87, 21),
(407, '2015-12-24', '08:10:27', NULL, '17:41:03', '9:31:00', 9.52, NULL, NULL, NULL, NULL, '9:31:00', 9.52, 3),
(408, '2015-12-24', '08:10:32', NULL, '15:01:48', '6:51:00', 6.85, '15:57:05', '17:40:17', '1:43:00', 1.72, '08:34:00', 8.57, 9),
(409, '2015-12-24', '08:10:58', NULL, '14:01:25', '5:50:00', 5.83, '14:59:58', NULL, NULL, NULL, '5:50:00', 5.83, 1),
(410, '2015-12-24', '08:12:22', NULL, '13:01:57', '4:50:00', 4.83, '13:56:23', '17:41:34', '3:45:00', 3.75, '08:35:00', 8.58, 12),
(411, '2015-12-24', '08:12:28', NULL, '15:02:41', '6:50:00', 6.83, '15:55:23', '17:41:39', '1:46:00', 1.77, '08:36:00', 8.60, 20),
(412, '2015-12-24', '08:13:04', NULL, '15:19:59', '7:7:00', 7.12, '16:12:35', NULL, NULL, NULL, '7:7:00', 7.12, 14),
(413, '2015-12-24', '08:16:41', NULL, '13:02:57', '4:46:00', 4.77, '13:53:15', '17:40:50', '3:48:00', 3.80, '08:34:00', 8.57, 15),
(414, '2015-12-24', '08:16:46', NULL, '08:17:20', '0:1:00', 0.02, '14:11:01', NULL, NULL, NULL, '0:1:00', 0.02, 6),
(415, '2015-12-24', '08:16:52', NULL, '15:00:21', '6:43:00', 6.72, '15:57:44', '17:41:45', '1:44:00', 1.73, '08:27:00', 8.45, 25),
(416, '2015-12-24', '08:16:58', NULL, '13:02:03', '4:45:00', 4.75, '13:58:12', '17:40:55', '3:43:00', 3.72, '08:28:00', 8.47, 13),
(417, '2015-12-24', '08:17:05', NULL, '13:11:55', '4:55:00', 4.92, '13:59:49', '17:40:22', '3:41:00', 3.68, '08:36:00', 8.60, 5),
(418, '2015-12-24', '08:17:25', NULL, '13:56:33', '5:39:00', 5.65, '13:56:45', '17:41:24', '3:45:00', 3.75, '09:24:00', 9.40, 2),
(419, '2015-12-24', '08:18:26', NULL, '14:03:02', '5:45:00', 5.75, '14:59:20', '17:40:45', '2:41:00', 2.68, '08:26:00', 8.43, 16),
(420, '2015-12-24', '08:18:31', NULL, NULL, '', 0.00, NULL, NULL, NULL, NULL, NULL, NULL, 8),
(421, '2015-12-24', '08:18:43', NULL, '14:01:31', '5:43:00', 5.72, '14:57:48', '17:41:13', '2:43:00', 2.72, '08:26:00', 8.44, 18),
(422, '2015-12-24', '08:18:49', NULL, '14:00:15', '5:41:00', 5.68, '14:59:08', '17:41:18', '2:42:00', 2.70, '08:23:00', 8.38, 7),
(423, '2015-12-24', '08:18:55', NULL, '13:02:25', '4:44:00', 4.73, '13:58:17', NULL, NULL, NULL, '4:44:00', 4.73, 10),
(424, '2015-12-24', '08:21:00', NULL, '15:08:16', '6:47:00', 6.78, '16:02:25', NULL, NULL, NULL, '6:47:00', 6.78, 23),
(425, '2015-12-24', '08:21:05', NULL, '15:00:35', '6:40:00', 6.67, '15:57:50', '17:40:12', '1:42:00', 1.70, '08:22:00', 8.37, 22),
(426, '2015-12-24', '08:22:55', NULL, '14:00:21', '5:37:00', 5.62, '14:59:53', '17:40:39', '2:41:00', 2.68, '08:18:00', 8.30, 11),
(427, '2015-12-24', '08:23:56', NULL, '15:01:56', '6:38:00', 6.63, '15:59:39', '17:41:29', '1:42:00', 1.70, '08:20:00', 8.33, 24),
(428, '2015-12-24', '08:25:35', NULL, '15:02:03', '6:36:00', 6.60, '15:58:11', '17:40:35', '1:42:00', 1.70, '08:18:00', 8.30, 19),
(429, '2015-12-24', '15:00:12', NULL, '17:41:08', '2:41:00', 2.68, NULL, NULL, NULL, NULL, '2:41:00', 2.68, 4),
(430, '2015-12-26', '13:00:23', NULL, '13:30:27', '0:30:00', 0.50, '17:12:05', NULL, NULL, NULL, '0:30:00', 0.50, 13),
(431, '2015-12-26', '13:00:29', NULL, '13:28:21', '0:28:00', 0.47, '13:28:22', '17:13:30', '3:45:00', 3.75, '04:13:00', 4.22, 15),
(432, '2015-12-26', '13:00:34', NULL, '13:30:23', '0:30:00', 0.50, '17:13:18', NULL, NULL, NULL, '0:30:00', 0.50, 12),
(433, '2015-12-26', '13:02:25', NULL, '13:30:36', '0:28:00', 0.47, '17:13:04', '17:13:13', '0:0:00', 0.00, '00:28:00', 0.47, 5),
(434, '2015-12-26', '13:06:17', NULL, '13:30:32', '0:24:00', 0.40, NULL, NULL, NULL, NULL, '0:24:00', 0.40, 2),
(435, '2015-12-26', '13:30:57', NULL, '13:57:52', '0:27:00', 0.45, '17:11:32', '17:11:39', '0:0:00', 0.00, '00:27:00', 0.45, 11),
(436, '2015-12-26', '13:31:58', NULL, '13:58:28', '0:27:00', 0.45, NULL, NULL, NULL, NULL, '0:27:00', 0.45, 18),
(437, '2015-12-26', '13:32:05', NULL, '13:59:31', '0:27:00', 0.45, '17:12:18', NULL, NULL, NULL, '0:27:00', 0.45, 6),
(438, '2015-12-26', '13:32:09', NULL, '13:59:36', '0:27:00', 0.45, '13:59:36', '17:11:23', '3:12:00', 3.20, '03:39:00', 3.65, 3),
(439, '2015-12-26', '13:32:56', NULL, '13:56:57', '0:24:00', 0.40, '13:56:58', '17:13:23', '3:16:00', 3.27, '03:40:00', 3.67, 16),
(440, '2015-12-26', '13:57:02', NULL, '13:57:03', '0:0:00', 0.00, NULL, NULL, NULL, NULL, '0:0:00', 0.00, 1),
(441, '2015-12-26', '14:00:09', NULL, '14:28:25', '0:28:00', 0.47, '17:11:04', NULL, NULL, NULL, '0:28:00', 0.47, 19),
(442, '2015-12-26', '14:00:54', NULL, '14:28:03', '0:27:00', 0.45, '14:28:04', '17:11:27', '2:43:00', 2.72, '03:10:00', 3.17, 9),
(443, '2015-12-26', '14:01:16', NULL, '14:01:21', '0:0:00', 0.00, '14:28:19', '17:11:12', '2:43:00', 2.72, '02:43:00', 2.72, 7),
(444, '2015-12-26', '14:01:29', NULL, '14:29:11', '0:28:00', 0.47, '17:12:38', NULL, NULL, NULL, '0:28:00', 0.47, 14),
(445, '2015-12-26', '14:01:35', NULL, '14:29:02', '0:27:00', 0.45, '14:29:02', '17:11:52', '2:43:00', 2.72, '03:10:00', 3.17, 23),
(446, '2015-12-26', '14:02:30', NULL, '14:28:42', '0:26:00', 0.43, '17:12:11', NULL, NULL, NULL, '0:26:00', 0.43, 25),
(447, '2015-12-26', '14:02:59', NULL, '14:29:27', '0:26:00', 0.43, '17:11:18', NULL, NULL, NULL, '0:26:00', 0.43, 24),
(448, '2015-12-26', '17:12:54', NULL, NULL, '', 0.00, NULL, NULL, NULL, NULL, NULL, NULL, 21),
(449, '2015-12-26', '17:12:59', NULL, NULL, '', 0.00, NULL, NULL, NULL, NULL, NULL, NULL, 20);
INSERT INTO `horario` (`idhorario`, `dia_entrada`, `hora_entrada`, `dia_salida`, `hora_salida`, `tiempo`, `tiempo_decimal`, `despues_entrada`, `despues_salida`, `despues_tiempo`, `despues_tiempo_decimal`, `total`, `total_decimal`, `personal_idpersonal`) VALUES
(450, '2015-12-28', '08:07:04', NULL, '14:59:54', '6:53:00', 6.88, '15:58:05', '19:42:19', '3:44:00', 3.73, '10:37:00', 10.61, 9),
(451, '2015-12-28', '08:07:33', NULL, '15:03:44', '6:56:00', 6.93, '15:52:54', '19:45:03', '3:52:00', 3.87, '10:48:00', 10.80, 20),
(452, '2015-12-28', '08:07:40', NULL, '13:00:25', '4:53:00', 4.88, '13:59:19', '19:44:43', '5:45:00', 5.75, '10:38:00', 10.63, 12),
(453, '2015-12-28', '08:07:46', NULL, '13:02:20', '4:55:00', 4.92, '13:58:11', '19:45:08', '5:47:00', 5.78, '10:42:00', 10.70, 13),
(454, '2015-12-28', '08:07:56', NULL, '14:05:18', '5:57:00', 5.95, '14:56:41', '19:45:51', '4:49:00', 4.82, '10:46:00', 10.77, 1),
(455, '2015-12-28', '08:10:48', NULL, '13:05:18', '4:55:00', 4.92, '13:59:23', '19:44:53', '5:46:00', 5.77, '10:41:00', 10.69, 5),
(456, '2015-12-28', '08:11:07', NULL, '14:01:37', '5:51:00', 5.85, '14:52:14', '19:44:39', '4:52:00', 4.87, '10:43:00', 10.72, 21),
(457, '2015-12-28', '08:12:04', NULL, '13:02:04', '4:50:00', 4.83, '13:52:13', '19:42:43', '5:51:00', 5.85, '10:41:00', 10.68, 15),
(458, '2015-12-28', '08:13:15', NULL, NULL, '', 0.00, NULL, NULL, NULL, NULL, NULL, NULL, 6),
(459, '2015-12-28', '08:13:29', NULL, '14:02:41', '5:49:00', 5.82, '14:57:24', '19:30:50', '4:33:00', 4.55, '10:22:00', 10.37, 22),
(460, '2015-12-28', '08:14:20', NULL, '13:06:34', '4:52:00', 4.87, '13:58:58', '19:44:48', '5:46:00', 5.77, '10:38:00', 10.64, 2),
(461, '2015-12-28', '08:14:49', NULL, '15:06:38', '6:52:00', 6.87, '15:50:42', '19:24:04', '3:33:00', 3.55, '10:25:00', 10.42, 4),
(462, '2015-12-28', '08:15:16', NULL, '13:04:20', '4:49:00', 4.82, '13:51:31', '19:24:17', '5:33:00', 5.55, '10:22:00', 10.37, 7),
(463, '2015-12-28', '08:15:44', NULL, '13:03:42', '4:48:00', 4.80, '13:51:36', '19:43:30', '5:52:00', 5.87, '10:40:00', 10.67, 10),
(464, '2015-12-28', '08:15:57', NULL, '15:00:02', '6:44:00', 6.73, '15:53:19', '19:24:10', '3:31:00', 3.52, '10:15:00', 10.25, 19),
(465, '2015-12-28', '08:16:02', NULL, '14:05:10', '5:49:00', 5.82, '14:56:52', '19:45:36', '4:49:00', 4.82, '10:38:00', 10.64, 16),
(466, '2015-12-28', '08:16:51', NULL, '15:03:21', '6:47:00', 6.78, '15:59:00', '19:44:58', '3:46:00', 3.77, '10:33:00', 10.55, 14),
(467, '2015-12-28', '08:16:59', NULL, '14:04:43', '5:48:00', 5.80, '14:58:56', '19:45:46', '4:47:00', 4.78, '10:35:00', 10.58, 23),
(468, '2015-12-28', '08:26:29', NULL, '15:03:16', '6:37:00', 6.62, '15:58:48', '19:43:25', '3:45:00', 3.75, '10:22:00', 10.37, 24),
(469, '2015-12-28', '08:32:21', NULL, '14:00:20', '5:28:00', 5.47, '14:56:58', '19:42:25', '4:45:00', 4.75, '10:13:00', 10.22, 11),
(470, '2015-12-28', '14:01:04', NULL, '14:57:28', '0:56:00', 0.93, NULL, NULL, NULL, NULL, '0:56:00', 0.93, 3),
(471, '2015-12-29', '08:17:06', NULL, NULL, '', 0.00, NULL, NULL, NULL, NULL, NULL, NULL, 3),
(472, '2015-12-29', '08:17:12', NULL, NULL, '', 0.00, NULL, NULL, NULL, NULL, NULL, NULL, 13),
(473, '2015-12-29', '08:17:16', NULL, NULL, '', 0.00, NULL, NULL, NULL, NULL, NULL, NULL, 9),
(474, '2015-12-29', '08:17:21', NULL, NULL, '', 0.00, NULL, NULL, NULL, NULL, NULL, NULL, 25),
(475, '2015-12-29', '08:17:27', NULL, NULL, '', 0.00, NULL, NULL, NULL, NULL, NULL, NULL, 15),
(476, '2015-12-29', '08:17:35', NULL, NULL, '', 0.00, NULL, NULL, NULL, NULL, NULL, NULL, 2),
(477, '2015-12-29', '08:17:40', NULL, NULL, '', 0.00, NULL, NULL, NULL, NULL, NULL, NULL, 23),
(478, '2015-12-29', '08:17:59', NULL, NULL, '', 0.00, NULL, NULL, NULL, NULL, NULL, NULL, 14),
(479, '2015-12-29', '08:18:16', NULL, NULL, '', 0.00, NULL, NULL, NULL, NULL, NULL, NULL, 10),
(480, '2015-12-29', '08:18:26', NULL, NULL, '', 0.00, NULL, NULL, NULL, NULL, NULL, NULL, 5),
(481, '2015-12-29', '08:18:39', NULL, NULL, '', 0.00, NULL, NULL, NULL, NULL, NULL, NULL, 11),
(482, '2015-12-29', '08:18:43', NULL, NULL, '', 0.00, NULL, NULL, NULL, NULL, NULL, NULL, 12),
(483, '2015-12-29', '08:18:48', NULL, NULL, '', 0.00, NULL, NULL, NULL, NULL, '0:0:00', 0.00, 16),
(484, '2015-12-29', '08:19:08', NULL, NULL, '', 0.00, NULL, NULL, NULL, NULL, NULL, NULL, 20),
(485, '2015-12-29', '08:20:00', NULL, NULL, '', 0.00, NULL, NULL, NULL, NULL, NULL, NULL, 19),
(486, '2015-12-29', '08:20:05', NULL, NULL, '', 0.00, NULL, NULL, NULL, NULL, NULL, NULL, 7),
(487, '2015-12-29', '08:25:32', NULL, NULL, '', 0.00, NULL, NULL, NULL, NULL, NULL, NULL, 24),
(488, '2015-12-29', '08:25:37', NULL, NULL, '', 0.00, NULL, NULL, NULL, NULL, NULL, NULL, 4),
(489, '2015-12-29', '08:25:41', NULL, NULL, '', 0.00, NULL, NULL, NULL, NULL, NULL, NULL, 22);

-- --------------------------------------------------------

--
-- Estructura de tabla para la tabla `personal`
--

CREATE TABLE IF NOT EXISTS `personal` (
  `idpersonal` int(11) NOT NULL AUTO_INCREMENT,
  `nombre` varchar(45) DEFAULT NULL,
  `apellidos` varchar(45) DEFAULT NULL,
  `foto` varchar(100) DEFAULT NULL,
  `tolerancia` time NOT NULL,
  `privilegios_idprivilegios` int(11) NOT NULL,
  `usuario_idusuario` int(11) NOT NULL,
  PRIMARY KEY (`idpersonal`,`privilegios_idprivilegios`),
  KEY `fk_personal_privilegios1_idx` (`privilegios_idprivilegios`),
  KEY `fk_personal_usuario1_idx` (`usuario_idusuario`)
) ENGINE=InnoDB  DEFAULT CHARSET=utf8 AUTO_INCREMENT=26 ;

--
-- Volcado de datos para la tabla `personal`
--

INSERT INTO `personal` (`idpersonal`, `nombre`, `apellidos`, `foto`, `tolerancia`, `privilegios_idprivilegios`, `usuario_idusuario`) VALUES
(1, 'René', 'Alanís Teutle', 'img/profiles/placeholder-hi.png', '00:00:00', 1, 1),
(2, 'Fernando Christopher', 'Quitl Tiro', 'img/profiles/placeholder.png', '00:00:00', 1, 2),
(3, 'Israel', 'Ramírez Huerta', 'img/profiles/placeholder.png', '00:00:00', 2, 3),
(4, 'Sergio Arturo', 'Castro Hernández', 'img/profiles/placeholder.png', '00:06:00', 2, 4),
(5, 'Jorge', 'Munguía Mendez', 'img/profiles/profile-placeholder.jpg', '00:00:00', 2, 5),
(6, 'José Javier', 'Valencia Merino', 'img/profiles/placeholder-hi.png', '00:00:00', 2, 6),
(7, 'Sergio', 'Vega Morales', 'img/profiles/placeholder.jpg', '00:00:00', 2, 7),
(8, 'Humberto', 'Olivares Ortíz', 'img/profiles/placeholder-hi.png', '00:00:00', 2, 8),
(9, 'Diego Arturo', 'Hernández Fuentes', 'img/profiles/profile-placeholder.png', '00:00:00', 2, 9),
(10, 'Alejandra', 'Anduaga Coello', 'img/profiles/female-placeholder.png', '00:00:00', 2, 10),
(11, 'María Guadalupe', 'Sánchez González', 'img/profiles/female-placeholder.png', '00:00:00', 2, 11),
(12, 'Berenice', 'Juárez Morales', 'img/profiles/female-placeholder.png', '00:00:00', 1, 12),
(13, 'Laura', 'Navarro Valera', 'img/profiles/female-placeholder.png', '00:00:00', 2, 13),
(14, 'Araceli', 'Duran Morales', 'img/profiles/female-placeholder.png', '00:00:00', 2, 14),
(15, 'Emma', 'Ochoa Solar', 'img/profiles/female-placeholder.png', '00:00:00', 2, 15),
(16, 'Brianda', 'Vera Velasco', 'img/profiles/female-placeholder.png', '00:00:00', 2, 16),
(17, 'Andrea', 'Cervantes Cantero', 'img/profiles/female-placeholder.png', '00:00:00', 2, 17),
(18, 'María Georgina', 'Valerio Feliciano', 'img/profiles/female-placeholder.png', '00:00:00', 2, 18),
(19, 'Jesús Juan', 'Céspedes Sánchez', 'img/profiles/profile-placeholder-male.png', '00:00:00', 2, 19),
(20, 'Luis ', 'Salvador Torres', 'img/profiles/placeholder.png', '00:00:00', 2, 20),
(21, 'Francisco Agustín', 'Gutiérrez Amador', 'img/profiles/profile-placeholder.png', '00:00:00', 2, 21),
(22, 'Igreane', 'Martínez Martínez', 'img/profiles/female-placeholder.png', '00:06:00', 2, 22),
(23, 'Rocío del Cármen', 'Corona de los Santos', 'img/profiles/female-placeholder.png', '00:00:00', 2, 23),
(24, 'Genesis', 'Flores Rendon', 'img/profiles/female-placeholder.png', '00:06:00', 2, 24),
(25, 'Diana Laura', 'Duarte Arroy', 'img/profiles/female-placeholder.png', '00:00:00', 2, 25);

-- --------------------------------------------------------

--
-- Estructura de tabla para la tabla `privilegios`
--

CREATE TABLE IF NOT EXISTS `privilegios` (
  `idprivilegios` int(11) NOT NULL AUTO_INCREMENT,
  `modo` varchar(16) DEFAULT NULL,
  PRIMARY KEY (`idprivilegios`)
) ENGINE=InnoDB  DEFAULT CHARSET=utf8 AUTO_INCREMENT=3 ;

--
-- Volcado de datos para la tabla `privilegios`
--

INSERT INTO `privilegios` (`idprivilegios`, `modo`) VALUES
(1, 'Administrador'),
(2, 'Usuario');

-- --------------------------------------------------------

--
-- Estructura de tabla para la tabla `tolerancia`
--

CREATE TABLE IF NOT EXISTS `tolerancia` (
  `idtolerancia` int(11) NOT NULL AUTO_INCREMENT,
  `nombre` varchar(128) DEFAULT NULL,
  `tolerancia` time DEFAULT NULL,
  `fecha` date NOT NULL,
  PRIMARY KEY (`idtolerancia`)
) ENGINE=InnoDB  DEFAULT CHARSET=utf8 AUTO_INCREMENT=72 ;

--
-- Volcado de datos para la tabla `tolerancia`
--

INSERT INTO `tolerancia` (`idtolerancia`, `nombre`, `tolerancia`, `fecha`) VALUES
(1, 'René Alanís Teutle', '00:00:00', '2015-12-12'),
(2, 'Fernando Christopher Quitl Tiro', '00:01:00', '2015-12-12'),
(3, 'Israel Ramírez Huerta', '00:00:00', '2015-12-12'),
(4, 'Sergio Arturo Castro Hernández', '00:01:00', '2015-12-12'),
(5, 'Jorge Munguía Mendez', '00:00:00', '2015-12-12'),
(6, 'José Javier Valencia Merino', '00:04:00', '2015-12-12'),
(7, 'Sergio Vega Morales', '00:01:00', '2015-12-12'),
(8, 'Humberto Olivares Ortíz', '00:05:00', '2015-12-12'),
(9, 'Diego Arturo Hernández Fuentes', '00:00:00', '2015-12-12'),
(10, 'Alejandra Anduaga Coello', '00:00:00', '2015-12-12'),
(11, 'María Guadalupe Sánchez González', '00:02:00', '2015-12-12'),
(12, 'Berenice Juárez González', '00:03:00', '2015-12-12'),
(13, 'Laura Navarro Valera', '00:05:00', '2015-12-12'),
(14, 'Araceli Duran Morales', '00:02:00', '2015-12-12'),
(15, 'Emma Ochoa Solar', '00:01:00', '2015-12-12'),
(16, 'Brianda Vera Velasco', '00:01:00', '2015-12-12'),
(17, 'Andrea Cervantes Cantero', '00:02:00', '2015-12-12'),
(18, 'María Georgina Valerio Feliciano', '00:22:00', '2015-12-12'),
(19, 'Jesús Juan Céspedes Sánchez', '00:00:00', '2015-12-12'),
(20, 'Luis  Salvador Torres', '00:00:00', '2015-12-12'),
(21, 'Francisco Agustín Gutiérrez Amador', '00:00:00', '2015-12-12'),
(22, 'Igreane Martínez Martínez', '00:01:00', '2015-12-12'),
(23, 'Rocío del Cármen Corona de los Santos', '00:09:00', '2015-12-12'),
(24, 'René Alanís Teutle', '00:00:00', '2015-12-19'),
(25, 'Fernando Christopher Quitl Tiro', '00:00:00', '2015-12-19'),
(26, 'Israel Ramírez Huerta', '00:24:00', '2015-12-19'),
(27, 'Sergio Arturo Castro Hernández', '00:00:00', '2015-12-19'),
(28, 'Jorge Munguía Mendez', '00:01:00', '2015-12-19'),
(29, 'José Javier Valencia Merino', '00:00:00', '2015-12-19'),
(30, 'Sergio Vega Morales', '00:25:00', '2015-12-19'),
(31, 'Humberto Olivares Ortíz', '00:25:00', '2015-12-19'),
(32, 'Diego Arturo Hernández Fuentes', '00:26:00', '2015-12-19'),
(33, 'Alejandra Anduaga Coello', '00:00:00', '2015-12-19'),
(34, 'María Guadalupe Sánchez González', '00:03:00', '2015-12-19'),
(35, 'Berenice Juárez González', '02:15:00', '2015-12-19'),
(36, 'Laura Navarro Valera', '00:00:00', '2015-12-19'),
(37, 'Araceli Duran Morales', '00:00:00', '2015-12-19'),
(38, 'Emma Ochoa Solar', '00:00:00', '2015-12-19'),
(39, 'Brianda Vera Velasco', '01:18:00', '2015-12-19'),
(40, 'Andrea Cervantes Cantero', '00:00:00', '2015-12-19'),
(41, 'María Georgina Valerio Feliciano', '00:27:00', '2015-12-19'),
(42, 'Jesús Juan Céspedes Sánchez', '02:55:00', '2015-12-19'),
(43, 'Luis  Salvador Torres', '00:00:00', '2015-12-19'),
(44, 'Francisco Agustín Gutiérrez Amador', '00:00:00', '2015-12-19'),
(45, 'Igreane Martínez Martínez', '00:00:00', '2015-12-19'),
(46, 'Rocío del Cármen Corona de los Santos', '00:31:00', '2015-12-19'),
(47, 'René Alanís Teutle', '00:00:00', '2015-12-26'),
(48, 'Fernando Christopher Quitl Tiro', '00:00:00', '2015-12-26'),
(49, 'Israel Ramírez Huerta', '00:00:00', '2015-12-26'),
(50, 'Sergio Arturo Castro Hernández', '00:05:00', '2015-12-26'),
(51, 'Jorge Munguía Mendez', '00:00:00', '2015-12-26'),
(52, 'José Javier Valencia Merino', '00:00:00', '2015-12-26'),
(53, 'Sergio Vega Morales', '00:00:00', '2015-12-26'),
(54, 'Humberto Olivares Ortíz', '00:00:00', '2015-12-26'),
(55, 'Diego Arturo Hernández Fuentes', '00:00:00', '2015-12-26'),
(56, 'Alejandra Anduaga Coello', '00:00:00', '2015-12-26'),
(57, 'María Guadalupe Sánchez González', '00:03:00', '2015-12-26'),
(58, 'Berenice Juárez Morales', '00:00:00', '2015-12-26'),
(59, 'Laura Navarro Valera', '00:00:00', '2015-12-26'),
(60, 'Araceli Duran Morales', '00:00:00', '2015-12-26'),
(61, 'Emma Ochoa Solar', '00:01:00', '2015-12-26'),
(62, 'Brianda Vera Velasco', '00:00:00', '2015-12-26'),
(63, 'Andrea Cervantes Cantero', '00:00:00', '2015-12-26'),
(64, 'María Georgina Valerio Feliciano', '00:03:00', '2015-12-26'),
(65, 'Jesús Juan Céspedes Sánchez', '00:07:00', '2015-12-26'),
(66, 'Luis  Salvador Torres', '00:00:00', '2015-12-26'),
(67, 'Francisco Agustín Gutiérrez Amador', '00:00:00', '2015-12-26'),
(68, 'Igreane Martínez Martínez', '00:01:00', '2015-12-26'),
(69, 'Rocío del Cármen Corona de los Santos', '00:11:00', '2015-12-26'),
(70, 'Genesis Flores Rendon', '00:13:00', '2015-12-26'),
(71, 'Diana Laura Duarte Arroy', '00:10:00', '2015-12-26');

-- --------------------------------------------------------

--
-- Estructura de tabla para la tabla `usuario`
--

CREATE TABLE IF NOT EXISTS `usuario` (
  `idusuario` int(11) NOT NULL AUTO_INCREMENT,
  `nombre` varchar(15) DEFAULT NULL,
  PRIMARY KEY (`idusuario`)
) ENGINE=InnoDB  DEFAULT CHARSET=utf8 AUTO_INCREMENT=26 ;

--
-- Volcado de datos para la tabla `usuario`
--

INSERT INTO `usuario` (`idusuario`, `nombre`) VALUES
(1, 'rene-alanis'),
(2, 'fer-tiro'),
(3, 'almacen-isra'),
(4, 'bisel-sergio'),
(5, 'jorge-almacen'),
(6, 'javi-almacen'),
(7, 'vega-almacen'),
(8, 'beto-almacen'),
(9, 'sistemas-da'),
(10, 'admon-aa'),
(11, 'dgrafico-mg'),
(12, 'ventas-bere'),
(13, 'ventas-laura'),
(14, 'ventas-ara'),
(15, 'ventas-emma'),
(16, 'ventas-bri'),
(17, 'ventas-andy'),
(18, 'ventas-gina'),
(19, 'bisel-jesus'),
(20, 'bisel-angel'),
(21, 'bisel-fran'),
(22, 'ventas-iane'),
(23, 'ventas-chio'),
(24, 'genesis-ventas'),
(25, 'didi-ventas');

--
-- Restricciones para tablas volcadas
--

--
-- Filtros para la tabla `bitacora`
--
ALTER TABLE `bitacora`
  ADD CONSTRAINT `fk_Bitacora_usuario1` FOREIGN KEY (`usuario_idusuario`) REFERENCES `usuario` (`idusuario`) ON DELETE NO ACTION ON UPDATE NO ACTION;

--
-- Filtros para la tabla `horario`
--
ALTER TABLE `horario`
  ADD CONSTRAINT `fk_horario_personal1` FOREIGN KEY (`personal_idpersonal`) REFERENCES `personal` (`idpersonal`) ON DELETE NO ACTION ON UPDATE NO ACTION;

--
-- Filtros para la tabla `personal`
--
ALTER TABLE `personal`
  ADD CONSTRAINT `fk_personal_privilegios1` FOREIGN KEY (`privilegios_idprivilegios`) REFERENCES `privilegios` (`idprivilegios`) ON DELETE NO ACTION ON UPDATE NO ACTION,
  ADD CONSTRAINT `fk_personal_usuario1` FOREIGN KEY (`usuario_idusuario`) REFERENCES `usuario` (`idusuario`) ON DELETE NO ACTION ON UPDATE NO ACTION;

/*!40101 SET CHARACTER_SET_CLIENT=@OLD_CHARACTER_SET_CLIENT */;
/*!40101 SET CHARACTER_SET_RESULTS=@OLD_CHARACTER_SET_RESULTS */;
/*!40101 SET COLLATION_CONNECTION=@OLD_COLLATION_CONNECTION */;
